Streamer_ID,Channel,Watch_time,Stream_time,Peak_viewers,Avg_viewers,Subscribers_End,Subscribers_Beg,Subscribers_gained,Viewers_Gained,Partnered,Mature,Language
1,xQcOW,103269363,3588,222720,27716,3246298,1511488,1734810,93036735,TRUE,FALSE,English
2,summit1g,101527955,3531,310998,25610,5310163,3939979,1370184,89705964,TRUE,FALSE,English
3,Gaules,94076515,8588,387315,10976,1767635,743856,1023779,102611607,TRUE,TRUE,Portuguese
4,ESL_CSGO,66171969,8629,300575,7714,3944850,3240864,703986,106546942,TRUE,FALSE,English
5,Tfue,61183335,2061,285644,29602,8938903,6870479,2068424,78998587,TRUE,FALSE,English
6,Asmongold,61146651,1371,263720,42414,1563438,1009237,554201,61715781,TRUE,FALSE,English
7,NICKMERCS,56011253,2271,115633,24181,4074287,2984463,1089824,46084211,TRUE,FALSE,English
8,Fextralife,55031125,2465,68795,18985,508816,83348,425468,670137548,TRUE,FALSE,English
9,loltyler1,48805949,2042,89387,22381,3530767,2579037,951730,51349926,TRUE,FALSE,English
10,Anomaly,47757165,1548,125408,12377,2607076,1074387,1532689,36350662,TRUE,FALSE,English
11,TimTheTatman,47240617,1813,142067,25664,5265659,4021318,1244341,50119786,TRUE,TRUE,English
12,LIRIK,47215505,2142,89170,21739,2666382,2467305,199077,50504526,TRUE,FALSE,English
13,Riot Games (riotgames),44577445,1347,639375,20960,4487489,3989811,497678,56855694,TRUE,FALSE,English
14,Rubius,43143877,971,240096,42948,5751354,1930822,3820532,58599449,TRUE,FALSE,Spanish
15,auronplay,40167043,676,170115,53986,3983847,17322,3966525,41514854,TRUE,FALSE,Spanish
16,MontanaBlack88,40141017,1129,181600,33514,2911316,1810223,1101093,37189666,TRUE,TRUE,German
17,sodapoppin,38824007,1922,107833,19659,2786162,2549993,236169,39334821,TRUE,TRUE,English
18,hanryang1125,36444375,3021,26999,12201,494445,402240,92205,34405975,TRUE,FALSE,Korean
19,alanzoka,34250065,1730,89153,19560,3445134,2120059,1325075,46515698,TRUE,FALSE,Portuguese
20,CohhCarnage,33820210,2921,43615,11343,1264808,1140566,124242,38718674,TRUE,FALSE,English
21,Lord_Kebun,32388317,2562,34830,12367,434200,296985,137215,19645967,TRUE,FALSE,English
22,LCK_Korea,31939431,789,140557,39848,619382,364294,255088,76225485,TRUE,FALSE,Korean
23,Castro_1021,30752618,1670,125133,17779,2411995,1861317,550678,22672980,TRUE,FALSE,English
24,DrDisrespect,30664708,1218,97540,23794,4450718,3625714,825004,43919410,TRUE,FALSE,English
25,TheRealKnossi,30194935,934,288459,24595,1260160,178121,1082039,25342894,TRUE,TRUE,German
26,TheGrefg,29290113,914,538444,28887,3795667,202586,3593081,47094362,TRUE,FALSE,Spanish
27,YoDa,28170619,2261,123796,12868,1792625,1409495,383130,38499423,TRUE,FALSE,Portuguese
28,Pestily,27662350,2305,168112,8481,616168,95826,520342,24029726,TRUE,FALSE,English
29,handongsuk,27027799,2130,44976,12869,385250,311648,73602,30610352,TRUE,FALSE,Korean
30,GamesDoneQuick,26985735,1458,234826,6734,1724316,1610847,113469,43345080,TRUE,FALSE,English
31,Solary,25776623,8109,24470,3187,493207,349638,143569,48799554,TRUE,FALSE,French
32,Gotaga,25641855,2361,81644,10750,2401580,1769462,632118,39591707,TRUE,FALSE,French
33,MOONMOON,25464716,2078,24892,11220,923448,827672,95776,13505898,TRUE,TRUE,English
34,DrLupo,25293534,2873,90696,8311,4115083,3547288,567795,47295386,TRUE,FALSE,English
35,OgamingLoL,24720132,8283,204491,3020,523758,407793,115965,71583995,TRUE,FALSE,French
36,Myth,24653576,2246,122552,9396,6726893,5305082,1421811,37384058,TRUE,FALSE,English
37,Evelone192,24579037,1384,106900,16422,1075101,248668,826433,47400543,TRUE,FALSE,Russian
38,nl_Kripp,24514962,2598,29316,9256,1379123,1282330,96793,20034033,TRUE,FALSE,English
39,LEC,24507199,761,305119,28830,973727,422382,551345,25924096,TRUE,FALSE,English
40,dota2mc_ru,24411386,1111,182869,19495,428284,271563,156721,38774178,TRUE,FALSE,Russian
41,Fresh,24402997,2461,57431,9728,3135667,1260480,1875187,25341820,TRUE,FALSE,English
42,LCS,24355169,519,214124,46459,1162746,636502,526244,28313058,TRUE,FALSE,English
43,ROSHTEIN,23928929,1983,45843,11717,381918,139549,242369,17836875,FALSE,TRUE,English
44,ibai,23548555,963,173238,22837,1894953,292865,1602088,44178173,TRUE,FALSE,Spanish
45,TFBlade,23238548,2355,35833,9117,1008040,557894,450146,35978104,TRUE,FALSE,English
46,Sardoche,22683747,2737,144066,8066,746865,376507,370358,32261961,TRUE,TRUE,French
47,LCK,22529309,619,171861,36030,934688,626835,307853,28970100,TRUE,FALSE,English
48,Yassuo,22456874,1732,70587,10531,1878416,1188459,689957,32362117,TRUE,FALSE,English
49,HasanAbi,22322416,3226,44649,6543,470123,129313,340810,14154952,TRUE,FALSE,English
50,BeyondTheSummit,22318292,8418,116547,2635,923689,808741,114948,42403593,TRUE,FALSE,English
51,Dota2RuHub,22177091,1536,105359,13189,777510,651289,126221,43831479,TRUE,FALSE,Russian
52,Bugha,22075322,1675,66311,12982,2942212,721447,2220765,49441744,TRUE,FALSE,English
53,RocketLeague,22040808,559,206681,36086,1409120,997019,412101,57189129,TRUE,FALSE,English
54,csgomc_ru,21816131,1299,364816,17020,492954,45353,447601,42952835,TRUE,FALSE,Russian
55,Clix,20944119,1496,81926,12996,2035180,347257,1687923,33286370,TRUE,FALSE,English
56,Gorgc,20878531,2352,56449,8683,391726,254783,136943,20882507,TRUE,TRUE,English
57,saddummy,20699956,3039,25482,6681,580794,483179,97615,30550147,TRUE,FALSE,Korean
58,NoWay4u_Sir,20576121,2332,24286,8479,383892,275060,108832,23037239,TRUE,FALSE,German
59,RiotGamesBrazil,20476886,640,255542,25918,1011924,686123,325801,33796768,TRUE,FALSE,Portuguese
60,JLTomy,20469499,2024,42079,10053,428073,150544,277529,13890640,TRUE,FALSE,French
61,SolaryFortnite,20389159,6362,46710,3180,1478270,1031079,447191,26737542,TRUE,FALSE,French
62,ONSCREEN,19952172,2248,88516,4134,918654,249306,669348,22820310,TRUE,FALSE,English
63,AdmiralBahroo,19810767,2354,21053,8152,778055,705601,72454,12853095,TRUE,FALSE,English
64,Quin69,19782363,2905,36742,6616,538532,450672,87860,19512632,TRUE,TRUE,English
65,Trymacs,19735916,1798,50957,10735,1607134,1025045,582089,21254933,TRUE,FALSE,German
66,dasMEHDI,19549484,3858,47683,5013,299048,222480,76568,7422911,TRUE,TRUE,English
67,sneakylol,19153497,2915,22759,6775,1659108,1475197,183911,17820367,TRUE,FALSE,English
68,NickEh30,19135240,1965,85073,9702,1660204,214614,1445590,39439261,TRUE,FALSE,English
69,fps_shaka,18858490,3586,26572,5195,303671,174764,128907,21331882,TRUE,FALSE,Japanese
70,LVPes,18594171,1516,233009,12947,587677,428743,158934,51523747,TRUE,FALSE,Spanish
71,Vader,18515875,3072,16289,5913,424374,366693,57681,11535871,TRUE,TRUE,English
72,forsen,18446351,1819,33966,10080,1308165,1143373,164792,18534278,TRUE,TRUE,English
73,Papaplatte,18425424,2093,42230,8546,919026,366067,552959,23472239,TRUE,FALSE,German
74,StarLadder_cs_en,18147214,548,329195,29956,820675,559682,260993,29821162,TRUE,FALSE,English
75,Symfuhny,17936325,2290,45671,7327,2355063,1650736,704327,18756705,TRUE,TRUE,English
76,DreamHackCS,17548412,5243,212201,5001,1801697,1525763,275934,28759226,TRUE,FALSE,English
77,Mizkif,17534132,2052,32671,7899,591653,226350,365303,13585178,TRUE,FALSE,English
78,Rainbow6,17183520,1373,135471,11535,1501197,1072255,428942,16786627,TRUE,TRUE,English
79,stylishnoob4,17159061,1975,25263,8485,354579,230541,124038,20638084,TRUE,FALSE,Japanese
80,Maximilian_DOOD,17055279,1834,43253,9235,833047,699852,133195,15517436,TRUE,FALSE,English
81,Trainwreckstv,17028332,2474,49379,7134,728097,348124,379973,12449595,TRUE,TRUE,English
82,dota2ti,16959627,105,483530,147643,663297,541875,121422,16228039,TRUE,FALSE,English
83,GRONKH,16959072,911,100330,17860,1216020,1024020,192000,16800930,TRUE,FALSE,German
84,SypherPK,16940836,2421,130401,6553,3611359,2493190,1118169,26996445,TRUE,FALSE,English
85,ZeratoR,16850217,1416,262273,10516,880728,640286,240442,31456198,TRUE,TRUE,French
86,SilverName,16776812,1594,29927,10618,614395,505929,108466,27464678,TRUE,FALSE,Russian
87,Sacriel,16711352,2718,66781,5573,672403,536062,136341,60194490,TRUE,FALSE,English
88,dakotaz,16315786,2210,43397,7112,4520305,4031055,489250,18504106,TRUE,FALSE,English
89,Stray228,16216028,1563,36971,10290,773712,576226,197486,23738903,TRUE,FALSE,Russian
90,AdmiralBulldog,16205292,2581,16681,6198,694253,627740,66513,17095676,TRUE,TRUE,English
91,pokimane,16072234,942,112160,16026,5367605,3281774,2085831,45579002,TRUE,FALSE,English
92,lestream,15922447,4223,47638,3652,883706,759686,124020,25815105,TRUE,FALSE,French
93,ybicanoooobov,15646941,1913,17036,8255,523512,421575,101937,16237397,TRUE,FALSE,Russian
94,Method,15085126,3849,148350,4135,401400,269292,132108,22813009,TRUE,FALSE,English
95,Nightblue3,14986931,1983,17738,7234,2641880,2466750,175130,19181711,TRUE,FALSE,English
96,EsfandTV,14815649,3151,29597,4393,471970,255949,216021,24144005,TRUE,FALSE,English
97,shroud,14808420,504,471281,29612,7744066,6910479,833587,30621257,TRUE,FALSE,English
98,NOBRU,14803521,644,132224,22070,1549722,149683,1400039,6781403,TRUE,FALSE,Portuguese
99,buster,14739230,988,97838,14195,1087377,35324,1052053,37351933,TRUE,FALSE,Russian
100,Scarra,14402628,2306,27421,6060,1242014,908924,333090,15626904,TRUE,FALSE,English
101,Baiano,14328642,1431,107069,9229,425797,62454,363343,19412227,TRUE,FALSE,Portuguese
102,tmxk319,14299195,1940,71933,7173,427926,60440,367486,17151766,TRUE,FALSE,Korean
103,WePlayEsport_RU,14222077,1550,115737,8627,346934,103797,243137,28789066,TRUE,FALSE,Russian
104,elded,14217490,1849,44758,7699,2601858,1493436,1108422,14789437,TRUE,FALSE,Spanish
105,LPL,14177272,813,146577,17573,502467,221929,280538,31029241,TRUE,FALSE,English
106,juansguarnizo,14151389,2063,45631,6039,1204773,258493,946280,12708431,TRUE,FALSE,Spanish
107,Rakin,14043022,2409,51854,5333,1258173,740925,517248,24523589,TRUE,FALSE,Portuguese
108,SolaryHS,13790875,7668,17513,1802,149073,113087,35986,10445269,TRUE,FALSE,French
109,Cellbit,13622899,1718,68813,8264,1293451,746433,547018,18105470,TRUE,FALSE,Portuguese
110,dota2ti_ru,13542302,103,457060,126232,541644,433206,108438,12068376,TRUE,FALSE,Russian
111,uzra,13539369,3480,14181,3683,185506,155754,29752,20715640,TRUE,FALSE,Chinese
112,OverwatchLeague,13419390,408,254493,33132,1796619,1713421,83198,27099682,TRUE,FALSE,English
113,Thijs,13243688,1812,24923,7180,755116,686559,68557,15548337,TRUE,FALSE,English
114,Swagg,13167024,1806,74199,6309,784966,61884,723082,7527027,TRUE,FALSE,English
115,TeePee,13161635,2834,78741,4410,520519,282262,238257,17102146,TRUE,TRUE,English
116,LVNDMARK,13140353,3323,96236,3688,248829,4534,244295,8815201,TRUE,FALSE,English
117,Agraelus,12997791,2825,23555,4642,414951,282826,132125,20334558,TRUE,TRUE,Czech
118,BLASTPremier,12563470,421,113167,24689,501371,185461,315910,21104122,TRUE,FALSE,English
119,cloakzy,12467054,1695,40497,6743,2138294,1580187,558107,14533643,TRUE,FALSE,English
120,aceu,12410350,1969,26141,6328,859439,95950,763489,15894732,TRUE,TRUE,English
121,shuteye_orange,12142518,5432,7441,2217,85247,55698,29549,18572922,TRUE,TRUE,Chinese
122,Elraenn,12106325,853,65543,13224,1223076,550098,672978,20881140,TRUE,FALSE,Turkish
123,Elajjaz,12100001,2429,13080,4922,346566,308683,37883,12800182,TRUE,FALSE,English
124,CDNThe3rd,12042711,2238,55752,4919,2009972,1842268,167704,15136396,TRUE,FALSE,English
125,POW3Rtv,12025815,2965,69009,3836,1080764,585692,495072,23271722,TRUE,FALSE,Italian
126,IzakOOO,11951606,2153,43050,4463,1461767,1175300,286467,23586902,TRUE,FALSE,Polish
127,DreadzTV,11927411,1829,35865,6249,675908,618460,57448,32228705,TRUE,TRUE,Russian
128,ddahyoni,11864411,2541,17253,4534,322895,275949,46946,15586820,TRUE,FALSE,Korean
129,WePlayEsport_EN,11747050,1796,87751,6127,175061,37832,137229,17857171,TRUE,FALSE,English
130,ElmiilloR,11440949,2102,45726,5163,426716,236869,189847,20714971,TRUE,FALSE,Spanish
131,Squeezie,11132963,496,158972,19260,2149306,1273628,875678,21128175,TRUE,FALSE,French
132,allkeyshop_tv,11053099,8117,6075,1361,67472,40535,26937,55639770,TRUE,FALSE,English
133,Domingo,11041714,1094,102022,11423,829700,553300,276400,23040428,TRUE,FALSE,French
134,PlayHearthstone,11017920,686,43877,13154,825727,786662,39065,28719610,TRUE,FALSE,English
135,ESL_DOTA2,11017487,3534,99858,4714,337177,245854,91323,14784068,TRUE,FALSE,English
136,Kitboga,10939422,1346,20913,7394,772055,440149,331906,8392545,TRUE,FALSE,English
137,DansGaming,10886354,3126,33646,3270,817365,787950,29415,13757678,TRUE,FALSE,English
138,mobilmobil,10878084,2102,16497,5303,446426,412064,34362,20520762,TRUE,TRUE,Chinese
139,Destiny,10848509,2712,24101,3894,571183,455491,115692,8579344,TRUE,TRUE,English
140,woowakgood,10839412,2648,14177,4100,591500,383925,207575,18626351,TRUE,FALSE,Korean
141,RATIRL,10829360,2418,14480,4420,423002,173954,249048,14109245,TRUE,TRUE,English
142,bratishkinoff,10772218,1013,56790,10626,1128907,739639,389268,25254350,TRUE,FALSE,Russian
143,Yogscast,10743011,7386,54885,1384,961860,834176,127684,20999649,TRUE,FALSE,English
144,lol_ambition,10657433,1890,57254,5332,362297,253799,108498,17248420,TRUE,FALSE,Korean
145,jukes,10467987,1277,24263,8165,1327059,973483,353576,19915875,TRUE,FALSE,Portuguese
146,muse_tw,10431548,7444,16702,1397,121053,99,120954,13670649,TRUE,TRUE,Chinese
147,Shlorox,10419036,1928,13945,5216,331632,253653,77979,13181386,TRUE,FALSE,German
148,coscu,10373736,1286,80444,8919,1865296,804031,1061265,19438119,TRUE,FALSE,Spanish
149,dogdog,10369997,1722,24727,5856,594239,543894,50345,12089717,TRUE,FALSE,English
150,chocoTaco,10339925,2681,30514,3846,1134153,883952,250201,17922897,TRUE,FALSE,English
151,Locklear,10320790,1808,50103,5512,824676,355659,469017,17854413,TRUE,FALSE,French
152,blusewilly_retry,10312588,1675,17585,5941,374480,331716,42764,18366224,TRUE,FALSE,Chinese
153,Amouranth,10301130,3920,13495,2560,1707804,1175054,532750,48015117,TRUE,FALSE,English
154,UberHaxorNova,10257871,3033,7808,3247,421256,355989,65267,7518457,TRUE,FALSE,English
155,Sfory,10210289,1227,75219,3197,457502,7203,450299,12391816,TRUE,FALSE,Russian
156,Giantwaffle,10209903,2759,36340,3429,878934,863600,15334,10831070,TRUE,FALSE,English
157,ZanoXVII,10176832,1596,30648,6073,514866,191937,322929,6034891,TRUE,FALSE,Italian
158,zilioner,10031770,1626,43164,5843,465887,344381,121506,18265409,TRUE,FALSE,Korean
159,SkipNhOLIVE,10015181,8313,7940,1196,324765,53278,271487,6544645,TRUE,FALSE,Portuguese
160,Kamet0,10014711,2177,70983,4560,565661,343750,221911,14071951,TRUE,FALSE,French
161,MYM_ALKAPONE,9997508,1631,26221,5948,770535,616732,153803,7831334,TRUE,FALSE,Spanish
162,jinu6734,9954599,2026,12810,4710,274875,184662,90213,9977487,TRUE,FALSE,Korean
163,imaqtpie,9939468,2787,26087,3478,2652018,2601706,50312,13182700,TRUE,FALSE,English
164,x2Twins,9928466,2096,31874,4167,1288969,253408,1035561,15264996,TRUE,FALSE,English
165,C_a_k_e,9811034,2161,17317,4403,302633,256676,45957,18161823,TRUE,FALSE,Russian
166,SmiteGame,9782098,5734,33245,1588,535211,461533,73678,8305604,TRUE,FALSE,English
167,RatedEpicz,9706686,2932,11860,3336,134757,60536,74221,7251200,TRUE,TRUE,English
168,wtcN,9702094,1290,73861,7438,1852272,1286062,566210,25333548,TRUE,TRUE,Turkish
169,Anton,9683905,2382,137531,3199,207484,79434,128050,6176254,TRUE,TRUE,English
170,benjyfishy,9679799,573,75491,14423,1739112,283834,1455278,20411553,TRUE,FALSE,English
171,StarLadder5,9675698,695,189859,13089,1029203,924821,104382,21525216,TRUE,FALSE,Russian
172,Reborn_Live,9635381,535,57849,17488,697007,14495,682512,9965787,TRUE,TRUE,Spanish
173,CasinoDaddy,9620679,4458,6524,2168,151098,108418,42680,7493491,FALSE,TRUE,English
174,H2P_Gucio,9599976,2633,10011,3581,220488,142224,78264,13401489,TRUE,FALSE,Polish
175,Xayoo_,9585636,1521,23935,6091,572789,357691,215098,12984472,TRUE,FALSE,Polish
176,Jinnytty,9493352,2530,15190,3607,372334,159043,213291,15165872,TRUE,FALSE,English
177,KendineMuzisyen,9456238,976,43422,9583,1372290,885880,486410,17629667,TRUE,TRUE,Turkish
178,Jahrein,9436274,1032,43683,8929,1422862,1175650,247212,18410268,TRUE,FALSE,Turkish
179,Mathil1,9366624,2245,25866,3953,293595,226613,66982,13159849,TRUE,FALSE,English
180,Greekgodx,9360272,1496,45741,7083,1278824,875716,403108,12441822,TRUE,TRUE,English
181,Brunenger,9331917,3054,64308,2844,659652,10090,649562,12736000,TRUE,FALSE,Spanish
182,ClassyBeef,9314727,4561,33624,1941,108623,19952,88671,6626543,FALSE,TRUE,English
183,Diegosaurs,9309792,2143,32463,4150,521201,250946,270255,9851921,TRUE,TRUE,English
184,BobRoss,9302847,3967,11659,2175,1519266,1302940,216326,7491995,TRUE,FALSE,English
185,Nick28T,9279017,3061,15155,3024,977377,899323,78054,6777975,TRUE,TRUE,English
186,nokduro,9260632,2345,15858,4040,165823,70220,95603,9518923,TRUE,FALSE,Korean
187,GMHikaru,9237499,1139,46106,7155,505361,80338,425023,20086431,TRUE,FALSE,English
188,SkipNhO,9227730,2193,23408,3875,1076499,794532,281967,13901197,TRUE,FALSE,Portuguese
189,jovirone,9221396,1608,29272,5632,1089830,789285,300545,17980307,TRUE,FALSE,Portuguese
190,Chap,9182520,2626,22571,3430,1272899,998973,273926,13683195,TRUE,FALSE,English
191,kimdoe,9154079,2250,11759,4062,287639,277577,10062,14188002,TRUE,TRUE,Korean
192,RebirthzTV,9134024,1982,14578,4629,276694,200148,76546,8434367,TRUE,FALSE,Thai
193,Klean,9085136,2827,101124,2801,276242,121776,154466,7844435,TRUE,FALSE,English
194,godjj,9078439,2112,12461,4378,331744,312419,19325,20264128,TRUE,FALSE,Chinese
195,Gladd,9065910,2853,54477,2779,337972,180548,157424,9290817,TRUE,FALSE,English
196,CSRuHub,9009276,1848,106003,5044,511431,390332,121099,23271913,TRUE,FALSE,Russian
197,CriticalRole,8991586,355,110800,17689,571210,334141,237069,7827030,TRUE,FALSE,English
198,Vinesauce,8949818,1447,19065,6125,442493,361877,80616,5560969,TRUE,TRUE,English
199,lol_woolf,8882828,849,73800,9633,308528,167231,141297,9294132,TRUE,FALSE,Korean
200,Mithrain,8840938,1759,40183,4990,1258713,887708,371005,24222810,TRUE,FALSE,Turkish
201,EWROON,8777677,1687,21341,5172,514693,282614,232079,13289271,TRUE,FALSE,Polish
202,ludwig,8764728,1576,60346,5368,542580,37491,505089,8508355,TRUE,FALSE,English
203,RduLIVE,8762291,2123,11854,3953,234884,172394,62490,7653194,TRUE,FALSE,English
204,Hiko,8717621,1328,41644,5268,1001350,521520,479830,11106951,TRUE,FALSE,English
205,FENGRUSH,8692813,1677,16128,4985,95643,72355,23288,44675247,TRUE,FALSE,English
206,Chess,8691859,1605,83666,5767,326118,144886,181232,84500786,TRUE,FALSE,English
207,72hrs,8657643,2275,30702,3756,1024814,709624,315190,12051692,TRUE,FALSE,English
208,TwitchRivals,8601895,609,109148,14509,999480,354796,644684,71159574,TRUE,FALSE,English
209,a541021,8600157,2776,8337,3105,207369,189346,18023,18201933,TRUE,FALSE,Chinese
210,hashinshin,8596883,3204,12540,2483,570621,410729,159892,11386166,TRUE,FALSE,English
211,JoshOG,8516403,2655,85051,2957,1748928,1628146,120782,20688501,TRUE,FALSE,English
212,B0aty,8505395,2520,22375,3152,516113,466536,49577,8448691,TRUE,TRUE,English
213,AustinShow,8494066,350,72199,24739,840624,461968,378656,11648873,TRUE,TRUE,English
214,39daph,8484206,2258,12648,3766,505362,34773,470589,8983449,TRUE,FALSE,English
215,scump,8447316,1189,79976,6789,893010,617740,275270,8661072,TRUE,FALSE,English
216,flurry1989,8422218,2147,12084,3859,169505,117570,51935,10969148,TRUE,FALSE,Korean
217,Kyle,8353476,2688,9339,3059,182260,121754,60506,5692219,TRUE,TRUE,English
218,SummonersInnLive,8323690,1081,110095,6328,503346,456567,46779,13724263,TRUE,FALSE,German
219,Aydan,8259393,2343,51268,3507,1701314,1276278,425036,11009240,TRUE,TRUE,English
220,Faker,8213929,285,56325,29414,2716270,1965790,750480,26508938,TRUE,FALSE,Korean
221,Mongraal,8212233,451,89706,18180,2951980,1497499,1454481,19515587,TRUE,FALSE,English
222,2chamcham2,8170509,1584,16243,5107,489270,344572,144698,13076008,TRUE,FALSE,Korean
223,EmadGG,8121358,2211,67732,2741,702744,79353,623391,9556065,TRUE,FALSE,English
224,pacific8815,8064918,2007,20936,3992,171858,117532,54326,14452008,TRUE,FALSE,Korean
225,FolagorLives,8039787,1333,57813,5032,786983,369084,417899,9640983,TRUE,FALSE,Spanish
226,lilypichu,7965820,938,33075,8407,1363222,705592,657630,14729189,TRUE,FALSE,English
227,mistermv,7943290,1194,39961,6627,479900,329414,150486,12959273,TRUE,TRUE,French
228,Bonjwa,7885964,4188,11063,1802,123954,103704,20250,14247514,TRUE,FALSE,German
229,KingGeorge,7879773,2669,12621,2914,767727,517293,250434,6445996,TRUE,FALSE,English
230,KingRichard,7873433,2286,17327,3312,1536757,1426962,109795,9570639,TRUE,FALSE,English
231,melharucos,7813202,2171,13825,3519,328473,269306,59167,17845821,TRUE,TRUE,Russian
232,INSCOPE21TV,7807786,999,51244,7554,658658,166995,491663,10630158,TRUE,TRUE,German
233,JohnPitterTV,7693421,8483,4148,900,286184,74819,211365,19054606,TRUE,FALSE,Portuguese
234,Zizaran,7675331,2603,20745,2552,267004,219855,47149,16917944,TRUE,FALSE,English
235,imls,7672210,1316,32758,5621,392024,214351,177673,8610645,TRUE,FALSE,English
236,TSM_ImperialHal,7651276,2016,23107,3550,302593,14783,287810,8907366,TRUE,FALSE,English
237,jdm2088,7648054,544,65622,15405,276488,143667,132821,5377506,TRUE,FALSE,Korean
238,Ramee,7620709,2664,10845,2825,132642,58548,74094,6606894,TRUE,FALSE,English
239,Towelliee,7558125,3052,15495,2392,705098,683700,21398,17009119,TRUE,FALSE,English
240,SPYGEA,7541328,2396,17228,3131,222046,129979,92067,10569192,TRUE,FALSE,Japanese
241,FollowGrubby,7531840,2200,15296,3365,430649,384367,46282,12249560,TRUE,FALSE,English
242,Amar,7487053,1680,45549,4207,604374,322446,281928,11787544,TRUE,FALSE,German
243,mch_AGG,7388817,8326,11191,884,219431,94883,124548,11142208,TRUE,TRUE,Portuguese
244,IWillDominate,7381176,1558,23813,4591,797244,717730,79514,8695968,TRUE,FALSE,English
245,Nadeshot,7338859,836,40327,7985,1472104,1043304,428800,7844647,TRUE,TRUE,English
246,buddha,7307678,2252,11971,3184,247303,222402,24901,6326808,TRUE,TRUE,English
247,Deadlyslob,7302398,1985,104568,3088,315637,184693,130944,6321235,TRUE,FALSE,English
248,failverde,7289223,3081,14610,2348,169973,140112,29861,13001718,TRUE,FALSE,Chinese
249,zrush,7270726,2299,10628,3084,180412,131116,49296,13297850,TRUE,TRUE,Chinese
250,HoneyMad,7249527,1133,21369,6394,533250,458843,74407,14755893,TRUE,TRUE,Russian
251,ESAMarathon,7222156,5023,22132,1460,244440,209402,35038,32500708,TRUE,FALSE,English
252,Nmplol,7153557,1065,24687,6767,455444,324880,130564,8859183,TRUE,FALSE,English
253,relaxing234,7137986,853,19194,8405,258402,170155,88247,12225523,TRUE,FALSE,Chinese
254,Doigby,7137788,994,93577,6829,1068260,456474,611786,11805401,TRUE,FALSE,French
255,Sequisha,7105423,2726,19755,2540,252495,166275,86220,7404102,TRUE,TRUE,English
256,HusKerrs,7084078,1794,39433,3247,361360,72408,288952,6298662,TRUE,FALSE,English
257,yapyap30,7037973,780,36933,9306,301033,274265,26768,9798569,TRUE,FALSE,Korean
258,Elwind,7023944,983,18270,7165,703464,503294,200170,14369324,TRUE,FALSE,Turkish
259,Shiphtur,7005281,1974,19688,3414,709343,650739,58604,7906425,TRUE,FALSE,English
260,BarbarousKing,6986460,3148,13419,2244,159402,116471,42931,4822422,TRUE,TRUE,English
261,alexelcapo,6973550,1216,74670,5772,680023,468115,211908,13364167,TRUE,FALSE,Spanish
262,moistcr1tikal,6918197,1720,42135,3977,1166681,442522,724159,7780736,TRUE,FALSE,English
263,Rush,6878631,1438,15405,4731,542991,422085,120906,7575905,TRUE,FALSE,English
264,LosPollosTV,6865009,1165,54323,5671,476096,337628,138468,6201733,TRUE,FALSE,English
265,DreamLeague,6856910,4076,147514,1751,349054,288022,61032,7424007,TRUE,FALSE,English
266,Voyboy,6854568,1345,21187,4632,1251182,1111739,139443,8151140,TRUE,FALSE,English
267,BastiGHG,6843688,2402,10455,2733,507730,271612,236118,8093220,TRUE,FALSE,German
268,DatModz,6833087,3810,14288,1753,270720,233963,36757,9812812,TRUE,FALSE,English
269,dafran,6814767,1543,19611,4319,599036,456347,142689,7944645,TRUE,FALSE,English
270,yeTz,6807979,1467,21212,4221,849972,568913,281059,10731565,TRUE,FALSE,Portuguese
271,Aurateur,6797166,2730,15547,2492,142427,115645,26782,4368785,TRUE,TRUE,English
272,pokelawls,6786911,1972,22496,3352,668807,486684,182123,5999354,TRUE,FALSE,English
273,ziGueira,6786471,1959,36519,3203,529814,317772,212042,7967420,TRUE,FALSE,Portuguese
274,A_Seagull,6785944,1586,28779,4193,1028544,973316,55228,7374161,TRUE,TRUE,English
275,koil,6730807,2417,13421,2791,299033,248802,50231,7743238,TRUE,TRUE,English
276,PAGO3,6713941,2602,20284,2326,425072,274602,150470,12693893,TRUE,FALSE,Polish
277,Llobeti4,6707808,1876,37469,3410,648084,42004,606080,9957496,TRUE,FALSE,Spanish
278,xargon0731,6690654,2589,8406,2549,283232,266233,16999,17013239,TRUE,FALSE,Chinese
279,itsHafu,6680367,2056,34345,3276,787371,750615,36756,10008765,TRUE,FALSE,English
280,shongxbong,6677263,839,94869,7656,845158,174031,671127,4198232,TRUE,FALSE,Arabic
281,StaysafeTV,6662436,2253,15608,2876,149648,76430,73218,7427189,TRUE,TRUE,English
282,Loeya,6638165,2508,7955,2635,1233300,895479,337821,19024045,TRUE,FALSE,English
283,RiotGamesJP,6515374,439,60682,13675,141684,105579,36105,9101692,TRUE,FALSE,Japanese
284,btssmash,6498180,6050,94083,1061,216558,134900,81658,6933788,TRUE,FALSE,English
285,PietSmiet,6461953,1408,39004,4147,576903,454842,122061,11483357,TRUE,FALSE,German
286,Payo,6429260,2290,12274,2772,175503,62908,112595,11672019,TRUE,FALSE,English
287,Shotz,6428988,2552,10316,2523,159763,111375,48388,5464553,TRUE,TRUE,English
288,silphtv,6419609,3284,9401,1891,309065,221665,87400,7215989,TRUE,FALSE,Korean
289,m0xyy,6412442,2268,25387,2431,461534,192223,269311,6207063,TRUE,FALSE,English
290,LexVeldhuis,6337531,1232,58416,4939,244467,177787,66680,14339774,TRUE,FALSE,English
291,NateHill,6332851,1859,41610,3311,1055613,605978,449635,14221498,TRUE,FALSE,English
292,Shaunz,6330001,1631,20861,3791,148568,64175,84393,10605782,TRUE,FALSE,French
293,Emongg,6328037,2599,21922,2228,504653,348560,156093,5794763,TRUE,FALSE,English
294,fl0m,6327233,3135,19318,1931,658323,475058,183265,11489901,TRUE,FALSE,English
295,AsmodaiTV,6322432,2206,11751,2796,247056,216468,30588,6547592,TRUE,FALSE,English
296,Homyatol,6312249,1179,26274,4826,375749,126563,249186,6981248,TRUE,TRUE,Italian
297,Grimmmz,6288543,2943,21993,2153,1001739,964005,37734,7803917,TRUE,TRUE,English
298,aXtLOL,6273849,1230,25340,4991,763886,570620,193266,8969210,TRUE,FALSE,Portuguese
299,boyMinORu,6272647,2381,22141,2717,367223,293672,73551,17822170,TRUE,TRUE,Thai
300,just_ns,6270155,1560,37023,3969,341549,274738,66811,12351240,TRUE,FALSE,Russian
301,BurkeBlack,6212784,2861,4922,2154,276421,262950,13471,5367772,TRUE,TRUE,English
302,Trick2g,6190286,2216,28917,2650,1476226,1360363,115863,8688676,TRUE,TRUE,English
303,FORMAL,6166189,2287,16518,2391,512592,336419,176173,4803076,TRUE,FALSE,English
304,Fortnite,6152772,201,169084,28584,3558217,2394769,1163448,21509520,TRUE,FALSE,English
305,Magic,6042537,723,114234,5123,365714,315359,50355,18694298,TRUE,FALSE,Spanish
306,Xari,6029028,1342,28830,4841,269447,121553,147894,5746209,TRUE,FALSE,French
307,RocketBeansTV,6014301,8640,5223,696,416018,388994,27024,5973152,TRUE,FALSE,German
308,ANGRYPUG,6004647,3081,9822,1892,366463,318132,48331,4962556,TRUE,TRUE,English
309,MarcaoRX,5987891,5612,5210,1258,166594,100690,65904,4541683,TRUE,TRUE,Portuguese
310,yamatonjp,5984929,2657,8247,2269,179920,112126,67794,10882318,TRUE,FALSE,Japanese
311,btscsgo,5966105,953,74949,6530,219539,52940,166599,9173781,TRUE,FALSE,English
312,Skyyart,5948464,1853,32577,2311,598579,359088,239491,8203617,TRUE,FALSE,French
313,gratis150ml,5944957,3301,9601,1801,741652,612324,129328,12187175,TRUE,FALSE,Portuguese
314,ShivFPS,5923161,3386,7216,1782,236407,62194,174213,6900666,TRUE,FALSE,English
315,Ponce,5918192,1856,23255,3043,242969,46089,196880,13687141,TRUE,FALSE,French
316,Distortion2,5902405,2837,11495,1953,314170,269188,44982,5500067,TRUE,TRUE,English
317,boxbox,5889944,1962,25314,2717,1717150,1571341,145809,9971842,TRUE,FALSE,English
318,rkdwl12,5889684,2358,29993,2484,507418,236491,270927,12873339,TRUE,FALSE,Korean
319,TheKAIRI78,5884101,839,47081,6795,885915,234925,650990,5134322,TRUE,FALSE,French
320,RiotGamesRU,5878346,298,73049,19753,173861,98323,75538,6832561,TRUE,FALSE,Russian
321,FPSThailand,5850424,2644,38563,2260,390579,315685,74894,18596656,TRUE,FALSE,Thai
322,naseongkim,5835344,3592,7628,1584,103260,82724,20536,8471746,TRUE,FALSE,Korean
323,obm1025,5771273,1600,19328,3563,428179,183737,244442,8920133,TRUE,FALSE,Korean
324,singsing,5769532,2113,11839,2735,572005,526244,45761,6526670,TRUE,TRUE,English
325,BlackUFA,5752774,1467,10349,3889,279922,245119,34803,12888906,TRUE,FALSE,Russian
326,QuattroAce,5704564,3095,48810,1696,157620,21130,136490,7245324,TRUE,FALSE,Russian
327,bateson87,5702711,1646,20204,3344,598678,343857,254821,16648694,TRUE,FALSE,English
328,Staiy,5697905,1526,15429,3711,259624,169033,90591,5503882,TRUE,FALSE,German
329,polsatgames,5673624,965,66706,5695,141026,66440,74586,16290334,TRUE,FALSE,Polish
330,NymN,5668259,1669,23488,3402,241746,130624,111122,4409296,TRUE,TRUE,English
331,orangemorange,5636899,2047,18387,2653,261139,175278,85861,9889442,TRUE,FALSE,German
332,MinosTV_,5634743,2787,24576,2034,204605,12071,192534,5554989,TRUE,TRUE,French
333,NairoMK,5594920,1770,22074,3054,339545,270071,69474,6132895,TRUE,FALSE,English
334,109ace,5588531,2424,12180,2202,166726,131561,35165,7631326,TRUE,FALSE,Korean
335,UnknownxArmy,5564495,1538,41700,3735,850944,14280,836664,11325781,TRUE,FALSE,English
336,s1mple,5551624,410,34971,12723,1681884,941152,740732,20277843,TRUE,FALSE,English
337,bysTaXx,5532751,816,259210,6210,1093212,297916,795296,10207313,TRUE,FALSE,Spanish
338,Sjow,5528769,2495,8140,2189,240206,218544,21662,3365340,TRUE,FALSE,English
339,hardgamechannel,5521816,919,27529,5711,786562,529884,256678,10562872,TRUE,FALSE,Russian
340,scoped,5502675,1056,47343,5165,731808,2916,728892,8279834,TRUE,TRUE,English
341,VooDooSh,5490811,2295,7560,2519,85678,19549,66129,9003037,TRUE,TRUE,Russian
342,WELOVEGAMES,5482253,1942,27956,2761,413458,363745,49713,23682775,TRUE,FALSE,Russian
343,StereOnline,5461628,6680,4227,785,327645,236293,91352,4620985,TRUE,FALSE,Portuguese
344,keanelol,5454047,2454,7208,2176,162917,77882,85035,4068823,TRUE,FALSE,English
345,sal_gu,5441469,2049,16252,2663,164092,118837,45255,6226900,TRUE,FALSE,Korean
346,sips_,5428850,1817,7872,2984,430755,346721,84034,4331397,TRUE,TRUE,English
347,ESL_CSGOb,5427287,876,89949,5114,575769,392107,183662,13742820,TRUE,FALSE,English
348,kyo1984123,5416969,3416,5967,1516,135687,122956,12731,12070678,TRUE,FALSE,Chinese
349,midbeast,5407225,1967,16153,2652,330060,186804,143256,10000927,TRUE,FALSE,English
350,Alexby11,5387084,914,53526,5331,1448018,302208,1145810,8378248,TRUE,FALSE,Spanish
351,Tumblurr,5380692,1354,17165,3846,353687,117246,236441,4008897,TRUE,FALSE,Italian
352,Veritas,5335357,2253,103833,1595,182492,50579,131913,4176079,TRUE,FALSE,English
353,daltoosh,5319907,2574,16445,2038,241602,78116,163486,3665065,TRUE,FALSE,English
354,ELoTRiX,5317533,939,31194,5620,895851,577604,318247,5587147,TRUE,TRUE,German
355,TSM_Viss,5273961,1963,18844,2668,762778,661643,101135,7091125,TRUE,FALSE,English
356,Anthony_Kongphan,5272773,2732,49085,1858,462128,417594,44534,6805829,TRUE,FALSE,English
357,modestal,5270057,924,25985,5660,323364,129425,193939,11440074,TRUE,FALSE,Russian
358,yumyumyu77,5260230,1105,24521,4496,309322,262411,46911,13030325,TRUE,FALSE,Korean
359,XEWER,5256643,3155,17100,1660,455056,239997,215059,6449741,TRUE,FALSE,French
360,blxckoutz,5244271,2550,18483,2566,482061,79474,402587,8381945,TRUE,FALSE,Portuguese
361,EASPORTSFIFA,5217968,203,106126,24395,1287954,860270,427684,11286667,TRUE,FALSE,English
362,ALOHADANCETV,5214979,1172,18317,4288,555334,463125,92209,12461610,TRUE,TRUE,Russian
363,rudbeckia7,5192002,2105,7111,2478,212053,187447,24606,9675073,TRUE,FALSE,Korean
364,Flashpoint,5188764,322,77708,11713,93616,496,93120,27828448,TRUE,FALSE,English
365,Steelmage,5186981,2975,10815,1696,60987,23148,37839,7005761,TRUE,FALSE,English
366,RoyalPhunk,5184884,1743,12141,2934,204451,169854,34597,4921311,TRUE,TRUE,German
367,Overpow,5164878,2550,10858,2004,254516,225172,29344,9020762,TRUE,TRUE,Polish
368,NeVeR_LosEs,5159320,1377,9671,3680,200953,177147,23806,10608507,TRUE,FALSE,Chinese
369,AvoidingThePuddle,5151955,1349,13108,3893,336181,269141,67040,4202354,TRUE,TRUE,English
370,Ko0416,5130396,3344,5448,1515,108784,96657,12127,11705657,TRUE,TRUE,Chinese
371,Dota2ruhub2,5122191,921,54508,5158,248277,176464,71813,13417924,TRUE,FALSE,Russian
372,Slushpuppy,5116693,2509,118125,1560,122486,36634,85852,5065635,TRUE,FALSE,English
373,itmeJP,5115347,2433,24603,2079,369273,363139,6134,10677522,TRUE,FALSE,English
374,JesusAVGN,5101277,1305,43859,3838,682899,500985,181914,13548535,TRUE,FALSE,Russian
375,tarzaned,5100168,1207,14602,4159,388878,216195,172683,7744943,TRUE,TRUE,English
376,Mickalow,5099466,2621,37872,1830,864324,603410,260914,8191116,TRUE,FALSE,French
377,UNLOSTV,5076652,333,128345,12171,1585519,1014282,571237,11452750,TRUE,FALSE,Turkish
378,resttpowered,5070370,2472,9248,2072,252184,214503,37681,8585834,TRUE,FALSE,Slovak
379,Felps,5057266,1616,15553,3109,844681,560512,284169,6099521,TRUE,FALSE,Portuguese
380,Doublelift,5031954,340,52584,13364,1389835,1223299,166536,7617972,TRUE,FALSE,English
381,kss7749,5029841,1923,12295,2403,170718,151121,19597,7546887,TRUE,FALSE,Korean
382,Kiwo,4991156,3906,10836,1243,296481,258286,38195,4900030,TRUE,TRUE,English
383,adolfz,4987267,1042,15928,4926,294217,139564,154653,2743587,TRUE,TRUE,Portuguese
384,LigaPro1,4980470,3877,11533,1149,30986,1552,29434,60922719,FALSE,FALSE,Other
385,knekro,4980199,1704,13731,2912,260728,163522,97206,10900480,TRUE,FALSE,Spanish
386,Savjz,4978218,1437,12708,3401,542892,528925,13967,4072337,TRUE,FALSE,English
387,BobbyPoffGaming,4977808,3738,6453,1254,125803,44672,81131,2208405,TRUE,FALSE,English
388,The_Happy_Hob,4933321,1769,8560,2834,216106,177394,38712,4158704,TRUE,TRUE,English
389,Smurfdomuca,4914467,1784,18282,2843,267948,16025,251923,5976634,TRUE,FALSE,Portuguese
390,Timmac,4911064,3200,13500,1460,393639,360772,32867,4232938,TRUE,FALSE,English
391,Nikolarn,4899208,2159,30044,2279,526389,312173,214216,3964166,TRUE,FALSE,English
392,so_urf,4894805,2798,9665,1756,95477,51437,44040,8120712,TRUE,FALSE,Korean
393,RiffTrax,4893051,8691,24765,562,79099,61899,17200,3313465,TRUE,FALSE,English
394,pimpimenta,4883569,2749,20855,1744,828298,573986,254312,12258152,TRUE,FALSE,Portuguese
395,faceittv,4881359,599,145470,9722,1681615,1658449,23166,17259602,TRUE,FALSE,English
396,crokeyz,4878311,2718,5916,1796,68907,32192,36715,3476636,TRUE,FALSE,English
397,Letshe,4852416,1346,28808,3073,884661,196848,687813,11561585,TRUE,FALSE,English
398,SaltyBet,4849851,8469,3467,571,224099,154634,69465,4509671,TRUE,FALSE,English
399,sonycast_,4841654,1677,7998,2840,255949,201243,54706,10802748,TRUE,FALSE,Korean
400,HGmony,4841027,1856,21999,2465,34358,2032,32326,90310969,FALSE,FALSE,Russian
401,jakenbakeLIVE,4825522,2007,23432,2375,489623,373069,116554,7920696,TRUE,FALSE,English
402,Syndicate,4822830,978,22845,4281,3000509,2718462,282047,13227099,TRUE,FALSE,English
403,RakanooLive,4818514,1742,22607,2726,1234662,763206,471456,3836302,TRUE,FALSE,Arabic
404,rhdgurwns,4818385,1277,40001,3828,289455,222394,67061,12487303,TRUE,FALSE,Korean
405,limit_maximum,4814298,1432,124818,1886,162040,91924,70116,5965543,TRUE,TRUE,English
406,ElRichMC,4807350,519,95938,9062,688715,257644,431071,8120275,TRUE,FALSE,Spanish
407,guit88man,4796071,2345,7681,1989,144898,119768,25130,8666012,TRUE,TRUE,Russian
408,RaizQT,4780654,2033,15185,2164,167584,136390,31194,5190502,TRUE,FALSE,English
409,ReventXz,4780333,1406,47282,3073,362062,142194,219868,8050871,TRUE,FALSE,Spanish
410,PatoPapao,4779016,1675,11694,2795,656860,540107,116753,8955254,TRUE,FALSE,Portuguese
411,Replays,4765537,2337,16193,1983,871405,421678,449727,5185473,TRUE,FALSE,English
412,cdewx,4744099,2319,23448,1904,380159,329563,50596,8015709,TRUE,FALSE,English
413,asiagodtonegg3be0,4739248,1061,18594,4426,494643,471790,22853,11106574,TRUE,FALSE,Chinese
414,BotezLive,4724657,1931,36278,1985,330772,49808,280964,12851602,TRUE,FALSE,English
415,Conterstine,4723314,1547,18090,2557,386804,11015,375789,5308302,TRUE,FALSE,Spanish
416,BeyondTheSummit_PT,4712558,5650,49496,807,203549,142594,60955,9694977,TRUE,FALSE,Portuguese
417,AlphaCast,4692230,1403,28898,3046,411993,259042,152951,8864009,TRUE,TRUE,French
418,DownToQuest,4689417,8559,20723,543,82299,28575,53724,3524088,TRUE,TRUE,English
419,jungtaejune,4680177,2766,6787,1649,124835,109122,15713,8660860,TRUE,FALSE,Korean
420,PENTA,4679968,1946,7172,2322,152821,112347,40474,2786097,TRUE,TRUE,English
421,thedarkness,4678464,2593,7440,1914,536792,398632,138160,7628946,TRUE,FALSE,Portuguese
422,uhSnow,4671601,1475,8375,3150,134611,90742,43869,3334788,TRUE,TRUE,English
423,JERICHO,4669615,1881,21935,2401,1191987,1125322,66665,7582522,TRUE,FALSE,English
424,T90Official,4661527,1273,51422,3379,160226,91182,69044,6886631,TRUE,FALSE,English
425,DanucD,4637063,2251,4439,2045,546052,322905,223147,12048648,TRUE,FALSE,English
426,DisguisedToast,4628266,339,38169,9892,1340283,1147679,192604,5928269,FALSE,FALSE,English
427,DesertHeartsRecords,4605219,1077,24264,3620,85097,793,84304,58418224,FALSE,FALSE,English
428,Jankos,4581496,751,18826,5858,573657,302302,271355,9284513,TRUE,FALSE,English
429,GarenaTW,4566068,207,85416,22130,401222,379834,21388,7818029,TRUE,FALSE,Chinese
430,dogswellfish,4565345,2687,10929,1601,215413,177723,37690,10626908,TRUE,FALSE,Korean
431,Sykkuno,4546895,1517,29658,2530,334591,28857,305734,5285377,TRUE,FALSE,English
432,JokerdTV,4530261,2003,319862,2013,159384,1728,157656,9070954,TRUE,TRUE,English
433,A1taOda,4497957,2344,11974,1844,537519,470158,67361,10306828,TRUE,FALSE,Russian
434,livekiss,4491983,8621,7435,520,31323,28876,2447,1641644,TRUE,FALSE,Chinese
435,Jerma985,4489543,958,15921,4773,334594,241842,92752,3411872,TRUE,TRUE,English
436,KamoLRF,4487163,1106,19264,3948,688868,504014,184854,5731570,TRUE,FALSE,German
437,GoldGlove,4477206,1998,22448,2196,1433703,1410019,23684,16902968,TRUE,FALSE,English
438,harbleu,4440657,1096,13230,3926,349467,237118,112349,3527460,TRUE,FALSE,English
439,runthefutmarket,4423769,1416,20746,2999,292812,146059,146753,4266359,TRUE,FALSE,English
440,alenenwooptv,4420493,3165,4290,1418,125615,103320,22295,5390604,TRUE,FALSE,Korean
441,KarmikKoala,4377183,2008,10587,2205,151920,80755,71165,8619663,TRUE,FALSE,Russian
442,JustCooman,4376879,1267,10776,3287,159117,69704,89413,7809170,TRUE,FALSE,Russian
443,IamCristinini,4374876,2254,7943,1906,398634,179786,218848,12690137,TRUE,FALSE,Spanish
444,Xop0,4371276,3932,4074,1110,94751,44026,50725,18709302,FALSE,FALSE,Russian
445,Warframe,4369334,229,346131,12843,1254031,971351,282680,5405191,TRUE,FALSE,English
446,Smoke,4360299,1668,25500,2331,166007,112795,53212,2955403,TRUE,FALSE,English
447,Moondye7,4360181,1623,22231,2530,306920,267188,39732,6839587,TRUE,FALSE,German
448,jean_mago,4354214,1891,11418,2012,342691,72854,269837,7609872,TRUE,FALSE,Portuguese
449,mL7support,4347423,1923,9038,2124,342850,201978,140872,5387428,TRUE,FALSE,English
450,KriszhAdvice,4300197,2461,28709,1593,284899,186915,97984,6927865,TRUE,FALSE,Hungarian
451,QuickyBaby,4263683,1979,11077,2207,416329,370331,45998,5642381,TRUE,FALSE,English
452,aDrive,4251460,1685,14637,1692,461081,343807,117274,3858228,TRUE,FALSE,English
453,Ampeterby7,4247538,458,43882,9301,1194476,8829,1185647,6513197,FALSE,FALSE,Spanish
454,KabajiOW,4246202,1204,13865,3252,369667,282329,87338,4098475,TRUE,TRUE,English
455,SNEUX,4245294,959,30067,3748,196635,41080,155555,4540889,TRUE,FALSE,Spanish
456,TrU3Ta1ent,4239089,1896,10901,2204,595939,494704,101235,6614948,TRUE,FALSE,English
457,OgamingSC2,4224981,8074,11457,547,105368,94293,11075,15776556,TRUE,FALSE,French
458,ajehr,4207539,1276,11117,3292,362794,276139,86655,5623906,TRUE,FALSE,Korean
459,cyr,4205761,2437,19267,1678,182107,132336,49771,4106827,TRUE,TRUE,English
460,MrSavage,4193800,551,31525,6883,1651212,916629,734583,9931629,TRUE,FALSE,English
461,Perxitaa,4191620,506,55418,8010,689582,19605,669977,7036771,TRUE,FALSE,Spanish
462,IlloJuan,4184465,1008,24315,4087,275174,96469,178705,5676686,TRUE,FALSE,Spanish
463,masondota2,4177073,1387,8377,2882,104526,64620,39906,3406472,TRUE,FALSE,English
464,Annoying,4171618,1072,17361,3884,431285,272698,158587,1799471,TRUE,FALSE,English
465,kumikomii,4163691,2540,5227,1615,177741,115619,62122,5979126,TRUE,FALSE,Korean
466,Manyrin,4158148,1819,17140,2284,449520,303139,146381,11128490,TRUE,FALSE,Russian
467,1DrakoNz,4157938,1653,15242,2655,373375,120376,252999,6950267,TRUE,TRUE,Portuguese
468,Pace22,4131048,2616,10350,1524,171871,59148,112723,3080537,TRUE,TRUE,English
469,Rammus53,4128835,1742,16370,2217,978645,646342,332303,11041262,TRUE,TRUE,Turkish
470,SaltyTeemo,4126888,8633,1803,476,173196,137093,36103,2117741,FALSE,FALSE,English
471,Odablock,4125593,1693,29397,2336,131966,39489,92477,4228405,TRUE,FALSE,English
472,MckyTV,4124690,1084,49791,3599,722041,465381,256660,9947455,TRUE,FALSE,German
473,Calebhart42,4116240,2081,6763,1808,177595,164185,13410,2533119,TRUE,FALSE,English
474,MacieJay,4112698,1797,7318,2249,835787,640647,195140,5353692,TRUE,FALSE,English
475,R6esportsBR,4111877,785,60386,4021,323856,225008,98848,5855733,TRUE,FALSE,Portuguese
476,chistor_,4105714,2141,7099,1838,89608,59254,30354,5658271,TRUE,FALSE,Russian
477,Kephrii,4098908,2752,8709,1297,559647,456657,102990,5923710,TRUE,FALSE,English
478,FEDMYSTER,4089997,416,35011,9086,609723,324756,284967,5176805,TRUE,FALSE,English
479,Gosu,4080906,1077,16362,3502,1751290,1565338,185952,9377658,TRUE,FALSE,English
480,supertf,4077261,1510,9118,2526,196136,56197,139939,3551440,TRUE,FALSE,English
481,MoMaN,4075037,2429,16550,1363,360418,239725,120693,8390437,TRUE,TRUE,French
482,Kotton,4073545,1217,58818,2757,253065,172145,80920,4459178,TRUE,TRUE,English
483,saintvicious,4071038,2801,5370,1422,247236,202800,44436,3133396,TRUE,FALSE,English
484,winstrike_tv,4061858,328,153252,12058,148183,128,148055,8767404,TRUE,FALSE,Russian
485,pijack11,4059646,2469,8181,1569,252717,107724,144993,6752832,TRUE,TRUE,Portuguese
486,pqueen,4057754,1483,11976,2602,485787,157638,328149,8544093,TRUE,FALSE,Turkish
487,Northernlion,4047219,1014,9312,3968,359260,336631,22629,3384340,TRUE,FALSE,English
488,Nattank,4026943,2408,8770,1537,86544,19337,67207,8232442,TRUE,TRUE,Portuguese
489,bmkibler,4026925,1721,15034,2247,475075,451104,23971,5087052,TRUE,FALSE,English
490,Arteezy,4013915,205,31009,19681,634982,535256,99726,3776042,TRUE,TRUE,English
491,sunbaking,4011053,1437,8260,2762,251416,152696,98720,3298202,TRUE,FALSE,Korean
492,flamuu,3983647,2115,5242,1851,117425,81124,36301,3225407,TRUE,TRUE,English
493,Mixwell,3983232,882,23552,4219,331208,59410,271798,6539837,TRUE,FALSE,Spanish
494,AntoineDanielLive,3970286,915,16671,3964,416920,144657,272263,6778234,TRUE,FALSE,French
495,G4G_REVENANT,3962786,1369,14376,2947,284620,215267,69353,6608568,TRUE,FALSE,Spanish
496,maxim,3945131,1195,21262,3173,312566,183447,129119,5439874,TRUE,TRUE,German
497,yd0821,3936982,471,38412,8075,279864,223631,56233,1901665,TRUE,FALSE,Korean
498,c9judite,3928152,6074,8210,644,105341,20587,84754,7982996,TRUE,FALSE,Portuguese
499,WOKE,3921720,860,50598,3827,107484,1759,105725,3460437,TRUE,TRUE,English
500,Amaz,3920925,1409,12652,2764,915023,920428,-5405,4237993,TRUE,FALSE,English
501,ESL_SC2,3912101,4646,40072,1414,305311,269181,36130,5674624,TRUE,FALSE,English
502,CooLifeGame,3905129,784,15459,4415,395859,228503,167356,5764214,TRUE,FALSE,Spanish
503,BruceGrannec,3901747,1305,11287,3011,463188,367920,95268,5973378,TRUE,FALSE,French
504,CuteDog_,3900972,3452,7016,1104,113658,91584,22074,3489772,TRUE,TRUE,English
505,wtf_winds123,3889933,1546,11975,2410,259338,226386,32952,9883708,TRUE,FALSE,Chinese
506,theRealShooKon3,3886837,2771,6148,1333,126282,89075,37207,2944974,TRUE,TRUE,English
507,Albralelie,3880266,2143,18730,1668,240030,23053,216977,5392597,TRUE,FALSE,English
508,looksam,3870403,1251,32222,3302,285474,271123,14351,7901792,TRUE,FALSE,Korean
509,GTimeTV,3869000,3122,14110,1022,665021,509602,155419,5838039,TRUE,TRUE,German
510,WagamamaTV,3866432,2975,7377,1268,312799,291866,20933,3880798,TRUE,FALSE,English
511,sleepy,3857541,1788,8855,2103,317125,62663,254462,3295029,TRUE,FALSE,English
512,FifaTargrean,3850429,2847,6721,1353,396862,330741,66121,7798628,TRUE,FALSE,Thai
513,GrandPOObear,3850196,1686,13295,2230,253619,208693,44926,3877237,TRUE,TRUE,English
514,Pun1shers_TV,3842549,2056,6289,1961,82289,31130,51159,4148542,TRUE,FALSE,Greek
515,gamelifeow,3830095,1660,37939,1659,234471,65242,169229,8373012,TRUE,FALSE,Russian
516,Sh4dowehhh,3829383,1881,11788,2012,84234,13615,70619,6477747,TRUE,FALSE,Russian
517,LuluLuvely,3829151,1785,10110,2178,431852,71260,360592,6019198,TRUE,FALSE,English
518,Swifty,3823858,2036,19884,1572,615027,544016,71011,8647522,TRUE,FALSE,English
519,Mibrtv,3810667,1377,151094,3310,250709,8480,242229,6671227,TRUE,FALSE,Portuguese
520,PsheroTV,3806282,3070,10739,1166,202779,142852,59927,5384623,TRUE,TRUE,English
521,bytarifaaa,3801294,257,121009,13435,638657,9482,629175,3651549,TRUE,FALSE,Spanish
522,Alderiate,3794597,1151,11480,3337,319860,239130,80730,5471250,TRUE,FALSE,French
523,Solaaaa,3791324,1606,16718,2227,309594,202036,107558,5135340,TRUE,FALSE,German
524,Strippin,3790978,2026,9127,1816,293665,273761,19904,3115313,TRUE,FALSE,English
525,Mendo,3774556,1658,25321,1959,518090,342083,176007,5487693,TRUE,TRUE,English
526,Pikabooirl,3765663,1729,21309,2146,237214,158815,78399,5574448,TRUE,FALSE,English
527,Skadoodle,3756694,1499,30357,2318,611890,392786,219104,5373229,TRUE,TRUE,English
528,MasterSnakou,3754058,2071,12948,1786,448316,375179,73137,6565757,TRUE,FALSE,French
529,lucia94,3746047,2362,8886,1603,82578,45552,37026,5801449,TRUE,FALSE,Korean
530,Otzdarva,3709107,1532,14940,2387,262104,115342,146762,3176930,TRUE,FALSE,English
531,cherrypach,3706284,1569,10985,2369,240835,150378,90457,6606649,TRUE,FALSE,Korean
532,Opat04,3702696,1946,9497,1814,178477,68757,109720,6632006,TRUE,FALSE,Czech
533,icebergdoto,3697285,873,16441,3746,171113,86562,84551,6944929,TRUE,FALSE,Russian
534,P4wnyhof,3697062,3031,7196,1205,489174,482455,6719,6891131,TRUE,FALSE,German
535,Mazarin1k,3681760,3374,9605,780,205378,137086,68292,9980766,TRUE,FALSE,Czech
536,kimdduddi,3666636,1513,7244,2318,149158,81204,67954,3549865,TRUE,FALSE,Korean
537,rooftopcat99,3648139,1547,8794,2256,214028,154815,59213,5969221,TRUE,FALSE,Korean
538,KingGothalion,3645129,581,41994,5792,1015521,970614,44907,3349456,TRUE,FALSE,English
539,ItsSlikeR,3642948,1594,12762,2317,283503,129143,154360,5243404,TRUE,TRUE,English
540,Alinity,3641818,1503,17341,2441,1203324,947337,255987,13908506,TRUE,FALSE,English
541,TidesofTime,3640257,1475,12457,2104,251700,224590,27110,2240586,TRUE,FALSE,English
542,GernaderJake,3638634,2438,21162,1347,295771,225078,70693,8847646,TRUE,FALSE,English
543,sutanmi,3630550,1337,7854,2683,53124,36619,16505,3473483,TRUE,FALSE,Japanese
544,DarioMocciaTwitch,3624599,1733,8160,1749,114376,17669,96707,4356099,TRUE,FALSE,Italian
545,bebe872,3622390,3537,4965,1087,70232,18981,51251,2383295,TRUE,FALSE,English
546,Lasqa,3616157,1204,10010,2863,135446,110095,25351,5298356,TRUE,TRUE,Russian
547,qttsix,3615859,2567,9671,1412,118305,94685,23620,8174656,TRUE,FALSE,Chinese
548,Flight23white,3613204,524,74388,7522,828896,124313,704583,2016920,TRUE,FALSE,English
549,Heelmike,3605270,1690,18963,2115,308927,100132,208795,3406743,TRUE,TRUE,English
550,OGADotaPIT,3601214,312,60846,10161,157820,109156,48664,8333671,TRUE,FALSE,English
551,SoloRenektonOnly,3596771,2050,5118,1735,391603,317049,74554,4581141,TRUE,FALSE,English
552,OfficialAndyPyro,3595449,3494,9676,1027,255595,226173,29422,10284627,TRUE,TRUE,Finnish
553,k3soju,3587223,2098,7504,1647,76666,5727,70939,2609837,TRUE,FALSE,English
554,SkyrrozTV,3585377,1432,17061,2185,597890,381454,216436,6233611,TRUE,FALSE,French
555,LeBouseuh,3578322,1024,24497,3678,988237,636707,351530,4545514,TRUE,FALSE,French
556,BikeMan,3575074,2281,7223,1486,264192,253091,11101,3531376,TRUE,TRUE,English
557,Rubini,3568836,2700,5521,1284,102528,59102,43426,7976244,TRUE,TRUE,Portuguese
558,JLWaliid,3563651,1581,19603,2239,272391,25974,246417,4345817,TRUE,FALSE,French
559,qSnake,3542365,2549,5441,1389,200878,163237,37641,6296155,TRUE,FALSE,Russian
560,Criken,3540832,1884,11050,1828,285509,252756,32753,3593487,TRUE,TRUE,English
561,Loserfruit,3538637,1659,42374,1816,1869993,1079648,790345,10477877,TRUE,FALSE,English
562,Broxah,3535689,777,13137,4269,317896,108696,209200,5351294,TRUE,FALSE,English
563,JonVlogs,3535242,1353,21617,2239,480299,218740,261559,3260166,TRUE,FALSE,Portuguese
564,ImSoFresh,3526961,3001,5788,1119,111954,75859,36095,3673955,TRUE,FALSE,French
565,BeBePtv,3521799,1834,14353,1865,57205,32531,24674,63847323,TRUE,FALSE,Russian
566,TrilluXe,3514987,1320,27943,2095,412495,316866,95629,7212835,TRUE,FALSE,German
567,landonorris,3491666,502,97550,6524,584831,127196,457635,12694726,TRUE,FALSE,English
568,LotharHS,3476076,2537,14561,898,251812,115614,136198,6742783,TRUE,FALSE,Polish
569,ElcanaldeJoaco,3467675,341,48072,8673,810622,51825,758797,4893535,TRUE,TRUE,Spanish
570,CzechCloud,3465643,2418,8212,978,180668,69523,111145,9000160,TRUE,FALSE,Czech
571,chess24,3459335,1367,32856,1603,66198,16453,49745,20337169,TRUE,FALSE,English
572,TheNo1Alex,3444906,2949,8554,1105,140855,109972,30883,7225371,TRUE,FALSE,English
573,Crystal_LoL,3441451,2329,7471,1466,167132,68286,98846,5571500,TRUE,FALSE,Turkish
574,WeAreTheVR,3440782,1266,20851,2688,410814,325288,85526,9512134,TRUE,TRUE,Hungarian
575,AdzTV,3437597,2288,11247,1443,489577,322029,167548,4236933,TRUE,FALSE,French
576,IrmanPlay,3429876,710,17697,2612,252042,19166,232876,3312084,FALSE,FALSE,Russian
577,Tomato,3429868,1268,5358,2675,92634,56624,36010,2200922,TRUE,TRUE,English
578,pjs9073,3429136,1320,15654,2597,193757,77767,115990,5979215,TRUE,FALSE,Korean
579,runitup247,3429100,8100,1182,422,91608,61211,30397,2424188,TRUE,FALSE,English
580,NeZaK_,3424040,2237,7262,1407,255840,48118,207722,3017013,TRUE,FALSE,Italian
581,xkwhd,3420427,2993,9938,1139,142209,91534,50675,4794915,TRUE,FALSE,Korean
582,skill4ltu,3416955,2259,4049,1503,127741,81343,46398,4548052,TRUE,TRUE,English
583,ilMasseo,3414819,1540,8980,2184,617665,180924,436741,4364008,TRUE,FALSE,Italian
584,Worrun_,3407345,1574,41881,1728,146163,42401,103762,3425022,TRUE,TRUE,English
585,brax,3405515,434,28736,5295,574927,292279,282648,4449212,TRUE,FALSE,English
586,rewinside,3401947,807,24167,4455,1259972,887752,372220,5349508,TRUE,FALSE,German
587,sah_yang,3400500,2089,7143,1559,206794,98428,108366,7584329,TRUE,FALSE,Korean
588,HAchubby,3398468,1219,13675,2779,221461,61942,159519,5075885,TRUE,FALSE,English
589,Recrent,3397568,2156,6781,1502,220789,100585,120204,8936320,TRUE,FALSE,Russian
590,iLame,3385294,2684,4911,1243,233263,166773,66490,9831952,TRUE,TRUE,Russian
591,ixxYjYxxi,3385041,622,15223,5459,857099,447167,409932,2378245,TRUE,FALSE,Arabic
592,Wingsofdeath,3380970,2403,7176,1343,473157,466890,6267,2534023,TRUE,FALSE,English
593,mang0,3380710,2339,24391,1403,328671,274977,53694,3077795,TRUE,TRUE,English
594,Kamikatze,3377255,2115,8509,1586,107476,70521,36955,4997073,TRUE,FALSE,German
595,Philza,3376524,1049,24611,2991,527540,234997,292543,5158370,TRUE,FALSE,English
596,Kurumx,3374799,2187,16413,1543,50286,847,49439,2485867,TRUE,FALSE,English
597,Pieface23,3363719,1556,14072,2149,238155,110711,127444,2037389,TRUE,FALSE,English
598,CurtisRyan,3353898,2711,7245,1205,65688,32547,33141,3760730,TRUE,TRUE,English
599,CalebDMTG,3343040,2027,5446,1608,71327,62322,9005,1563033,TRUE,FALSE,English
600,MarkiLokurasY,3342538,1185,26329,2714,923377,506154,417223,7000112,TRUE,FALSE,Spanish
601,JLBichouu,3337611,1512,16461,2039,212578,62126,150452,4001304,TRUE,FALSE,French
602,nanayango3o,3332667,2034,6411,1589,147351,84019,63332,4789098,TRUE,FALSE,Korean
603,DavyJones,3330485,806,44526,4111,955846,500881,454965,10940319,TRUE,FALSE,Portuguese
604,Fairlight_Excalibur,3330437,2728,19156,1208,408958,403796,5162,1645770,TRUE,FALSE,English
605,PG_Esports,3330358,1795,24734,1933,112874,70939,41935,16923320,TRUE,FALSE,Italian
606,StreamerHouse,3325028,8276,12609,402,630255,619596,10659,2800864,TRUE,FALSE,English
607,Peereira7,3304213,2230,14532,1377,377689,16483,361206,6222094,TRUE,TRUE,Spanish
608,Twitch,3301389,200,130795,9190,1189614,966446,223168,46395022,TRUE,FALSE,English
609,Sev7n,3288594,3061,31836,1037,469944,243981,225963,7453572,TRUE,FALSE,Portuguese
610,Wardiii,3279061,1738,9459,1670,76777,44872,31905,3970743,TRUE,FALSE,English
611,tranth,3276419,2371,5451,1402,85764,74031,11733,5114165,TRUE,FALSE,Korean
612,Kubon_,3265727,2431,9545,1323,267984,242263,25721,6142647,TRUE,FALSE,Polish
613,KarasMai,3263340,2305,6728,1374,281664,141749,139915,3975842,TRUE,FALSE,English
614,Sloot,3258758,3459,21283,937,205002,181496,23506,4415937,TRUE,FALSE,English
615,LPMassive,3257472,1355,18813,2181,315264,292390,22874,2409670,TRUE,FALSE,German
616,roger9527,3256644,577,12707,5401,131484,109115,22369,4197860,TRUE,FALSE,Chinese
617,ChicaLive,3255740,1541,14928,2045,1041932,410510,631422,2776587,TRUE,FALSE,English
618,d_obby,3254506,2159,16860,1401,195405,42105,153300,5913454,TRUE,FALSE,Korean
619,Valkia,3249352,1772,23519,1008,308459,162008,146451,8091070,TRUE,FALSE,English
620,caps,3239608,298,26754,10170,479368,208757,270611,6373471,TRUE,FALSE,English
621,gueigotv,3237703,2248,9918,1373,165232,139766,25466,6005834,TRUE,TRUE,Chinese
622,Alfie,3234571,3029,15588,971,183885,150423,33462,3380440,TRUE,FALSE,English
623,NiceWigg,3231869,2169,13013,1475,184033,72535,111498,2871081,TRUE,FALSE,English
624,zEkO,3231131,750,21313,4440,743040,372357,370683,5338943,TRUE,TRUE,Spanish
625,x6FlipiN,3226229,1018,19304,2712,279204,92549,186655,6462906,TRUE,TRUE,Spanish
626,JASONR,3224347,3137,33902,992,777611,640811,136800,6183865,TRUE,FALSE,English
627,Dhalucard,3210165,1390,22306,1828,269408,171730,97678,7444967,TRUE,FALSE,German
628,duckmanzch,3207139,2166,14684,1363,122694,47466,75228,9240202,TRUE,FALSE,Thai
629,MrBboy45,3192058,1847,9408,1659,318995,261491,57504,6445684,TRUE,FALSE,French
630,ses836,3174143,2620,7683,1213,105730,76398,29332,5099767,TRUE,FALSE,Korean
631,AladdinTV,3164836,2192,4279,1416,110211,65043,45168,4298260,TRUE,FALSE,German
632,miniminter,3162605,690,27188,4215,858427,269966,588461,16598800,TRUE,FALSE,English
633,ClintStevens,3153443,669,15223,4445,393432,290679,102753,2303521,TRUE,FALSE,English
634,NoctisAK47,3151355,2855,7264,1052,73584,32408,41176,6381664,TRUE,TRUE,Thai
635,Daxak,3146073,1414,7721,2061,116897,52658,64239,5857325,TRUE,FALSE,Russian
636,ThaldrinLol,3145838,1868,11305,1671,521166,426040,95126,7822019,TRUE,FALSE,Turkish
637,olyashaa,3128716,1296,9142,2296,559877,421256,138621,14210392,TRUE,FALSE,Russian
638,Jay3,3127650,2760,9514,1111,189654,65554,124100,3079327,TRUE,FALSE,English
639,SovietWomble,3124958,1056,9616,2900,1368076,1153301,214775,5846971,TRUE,TRUE,English
640,GodHunt,3118331,1577,19032,1820,202883,172145,30738,7464390,TRUE,FALSE,Russian
641,Everyeyeit,3116994,2219,18421,1236,86590,44377,42213,52155951,TRUE,FALSE,Italian
642,Speedrun,3113341,8334,16604,375,93358,42260,51098,13863239,TRUE,FALSE,English
643,iamSometimes,3109955,1715,23238,2004,179552,80390,99162,4766495,TRUE,FALSE,Thai
644,Broeki1,3109379,2361,13091,1317,150944,124949,25995,4702541,TRUE,TRUE,German
645,hexy,3101007,1508,14020,2092,336093,316087,20006,2855592,TRUE,FALSE,English
646,Etoiles,3099710,1303,45364,2090,220873,53487,167386,6466352,TRUE,FALSE,French
647,xChocoBars,3098433,1605,37216,1917,583881,476531,107350,8679867,TRUE,FALSE,English
648,GN_GG,3096596,1801,4859,1715,91514,76780,14734,3333965,TRUE,FALSE,Russian
649,SheriffEli,3089914,2390,5988,1291,265814,253982,11832,2355559,TRUE,TRUE,English
650,iateyourpie,3080341,3022,10962,987,124020,116078,7942,4878552,TRUE,FALSE,English
651,KYR_SP33DY,3070555,1584,6607,1879,706212,639575,66637,2451110,TRUE,FALSE,English
652,armateam,3051111,6328,3181,479,187315,178635,8680,3569807,TRUE,FALSE,French
653,JeelTV,3039837,1665,7302,1768,357385,80620,276765,6668409,TRUE,FALSE,French
654,Pengu,3039306,1178,7707,2452,775987,534678,241309,5240516,TRUE,TRUE,English
655,dlxowns45,3038490,1327,10549,2023,346631,222571,124060,5444952,TRUE,FALSE,Korean
656,gabepeixe,3032160,1696,5955,1788,149362,124328,25034,2795325,TRUE,TRUE,Portuguese
657,TSM_TheOddOne,3031802,3141,4363,913,864087,879859,-15772,6370949,TRUE,FALSE,English
658,luke4316live,3028824,5117,2757,636,168531,131543,36988,4795414,TRUE,FALSE,Italian
659,VGBootCamp,3023856,1285,97791,1534,521938,497140,24798,5491154,TRUE,FALSE,English
660,CapcomFighters,3020869,398,84858,5684,348447,328242,20205,12878708,TRUE,FALSE,English
661,Datto,3017922,1190,82047,2122,530822,441083,89739,4566171,TRUE,TRUE,English
662,NeverSayYesTwitch,3016314,1924,10771,1357,194933,18715,176218,3381154,TRUE,FALSE,French
663,BeatportOfficial,3014171,463,48457,5300,126546,1893,124653,36484452,TRUE,FALSE,English
664,portialyn,3011235,2140,4498,1349,39485,9787,29698,2460689,TRUE,FALSE,Korean
665,kanetv8,3006005,2173,10087,1313,141167,88561,52606,7004305,TRUE,FALSE,Korean
666,Sanchovies,3002781,2354,15588,1250,154845,9743,145102,3924344,TRUE,FALSE,English
667,GhostFreak66,2998996,1788,94791,1029,111646,21767,89879,2471382,TRUE,TRUE,English
668,RTAinJapan,2998009,269,42822,8383,71730,26964,44766,2700751,TRUE,FALSE,Japanese
669,WankilStudio,2993033,287,28866,10173,726730,451996,274734,5141210,TRUE,FALSE,French
670,SLAKUN10,2987706,159,48358,18906,1874932,86,1874846,5835029,TRUE,FALSE,Spanish
671,Monkeynews,2984718,2583,72483,1288,80290,26178,54112,4978021,TRUE,TRUE,English
672,forever,2982430,494,53702,5300,373484,12610,360874,2863254,TRUE,FALSE,Portuguese
673,AlpTV,2978824,644,33059,2913,576276,318802,257474,6685553,TRUE,FALSE,Turkish
674,Crocodyle_lol,2978795,1600,8810,1802,107835,30693,77142,3657348,TRUE,TRUE,French
675,WARDELL,2978641,2119,16215,1394,306435,18235,288200,5304936,TRUE,TRUE,English
676,Tiagovski555YT,2976051,1268,11245,2061,220585,89866,130719,5057048,TRUE,FALSE,Portuguese
677,Altair,2975619,2427,3702,1183,42265,22817,19448,2779740,TRUE,TRUE,French
678,NiteNightKid,2973651,2484,29228,1127,28818,16820,11998,1450208,TRUE,TRUE,English
679,fuslie,2970761,1126,45247,2504,336394,219637,116757,7152158,TRUE,FALSE,English
680,Tyceno,2965793,714,40407,4015,297359,46823,250536,1623230,TRUE,TRUE,English
681,Faux,2963339,2520,15167,1133,237909,208608,29301,3248586,TRUE,FALSE,English
682,RiotGamesTurkish,2962434,397,36258,7414,651994,602750,49244,9998277,TRUE,FALSE,Turkish
683,makataO,2958509,3046,12292,910,391656,254521,137135,7336811,TRUE,FALSE,Russian
684,Drjayfisto,2952653,2589,4092,1105,130341,88988,41353,6201998,TRUE,TRUE,English
685,CarTmaNzbs,2943471,1610,7809,1793,386948,321680,65268,13183429,TRUE,FALSE,Russian
686,Th3Antonio,2934546,1036,13955,2419,223756,135884,87872,5222867,TRUE,FALSE,Spanish
687,BigEx,2933424,1615,21401,1569,256448,118213,138235,1947938,TRUE,FALSE,English
688,BigSpinCR,2920925,1550,21815,1824,185784,104058,81726,2995202,TRUE,FALSE,German
689,Maghla,2920600,1292,16695,2124,329065,94849,234216,6831650,TRUE,TRUE,French
690,Becca,2914036,1920,11405,1500,357844,301488,56356,4198030,TRUE,FALSE,English
691,SirhcEz,2913736,2224,5928,1279,579629,545295,34334,3081725,TRUE,FALSE,English
692,twlevewinsHS,2903815,1715,5425,1711,38410,7153,31257,1353428,TRUE,FALSE,English
693,collet11,2901451,2268,6144,1248,215304,142123,73181,5543661,TRUE,FALSE,Korean
694,Zombie_Barricades,2897052,3813,4497,735,172386,112355,60031,2219053,TRUE,TRUE,English
695,NBA2KLeague,2896333,471,48495,4264,143535,100593,42942,67586924,TRUE,FALSE,English
696,XBOCT,2894548,600,20110,4473,318230,239701,78529,5635774,TRUE,FALSE,Russian
697,shtan_udachi,2893793,1454,7220,1929,100852,78328,22524,3970603,TRUE,FALSE,Russian
698,orslok,2893464,867,21759,3082,327888,58803,269085,5048873,TRUE,FALSE,Spanish
699,BRNWOWZK1,2891417,6095,6981,465,173713,86418,87295,5330221,TRUE,TRUE,Portuguese
700,HellYeahPlay,2890721,1731,3946,1706,136885,105797,31088,5014047,TRUE,FALSE,Russian
701,game2eye,2883591,1601,5698,1669,183891,161670,22221,5266599,TRUE,FALSE,Korean
702,grafo,2874990,1852,7165,1544,414577,241553,173024,5627155,TRUE,FALSE,Spanish
703,xTheSolutionTV,2871936,1301,16093,2027,320629,216829,103800,2778565,TRUE,FALSE,German
704,Igromania,2868107,3116,6159,939,184078,170368,13710,115312954,TRUE,FALSE,Russian
705,Back2Warcraft,2863707,1556,8309,1697,94929,73662,21267,4016790,TRUE,FALSE,German
706,sam1268,2860041,597,11861,4538,148702,128269,20433,5691145,TRUE,TRUE,Chinese
707,10000DAYS,2854887,2193,11193,1255,356683,198210,158473,10528149,TRUE,FALSE,Turkish
708,iProMx,2853718,600,8874,4576,151788,71598,80190,1637792,TRUE,FALSE,French
709,zzamtiger0310,2851926,1506,6217,1876,185684,138893,46791,6693148,TRUE,FALSE,Korean
710,GingiTV,2850225,1497,6450,1713,156597,111550,45047,5117439,TRUE,FALSE,English
711,venruki,2841078,2219,13179,1264,292558,248109,44449,7127552,TRUE,FALSE,English
712,Pimpeano,2835273,357,38592,6469,740343,75020,665323,3744461,TRUE,TRUE,Spanish
713,MatteoHS,2831427,2359,5827,1176,428553,207400,221153,4537952,TRUE,FALSE,Italian
714,nugiyen,2830974,2652,8448,996,121984,99607,22377,3448935,TRUE,FALSE,English
715,HighDistortion,2825031,1761,20179,1397,1677690,1616564,61126,5125402,TRUE,FALSE,English
716,LuquEt4,2824277,2564,4958,1081,74404,29202,45202,2807619,TRUE,TRUE,Portuguese
717,THump,2822765,1534,8063,1885,250786,135758,115028,2168664,TRUE,TRUE,English
718,MaTaFe_,2820258,2559,8535,1096,116653,9696,106957,4182011,TRUE,TRUE,English
719,rxnexus,2817113,1868,6765,1475,255944,232731,23213,5862326,TRUE,FALSE,Russian
720,VaporaDark,2815717,1178,5041,2338,101359,79166,22193,7610128,TRUE,FALSE,English
721,PaymoneyWubby,2814354,510,16622,5485,302419,176020,126399,2668187,TRUE,FALSE,English
722,RTGameCrowd,2813870,645,20354,4259,861594,553095,308499,3736356,TRUE,FALSE,English
723,dda_ju,2812792,1812,9137,1466,205041,152970,52071,3755880,TRUE,FALSE,Korean
724,Bawkbasoup,2812273,2170,7853,1259,94820,67025,27795,2313340,TRUE,TRUE,English
725,wkgml,2806939,1269,10656,2210,415795,264982,150813,6013389,TRUE,FALSE,Korean
726,Werlyb,2805666,952,37980,2399,204348,57496,146852,5349362,TRUE,FALSE,Spanish
727,TSM_Hamlinz,2798308,184,51989,15483,2137521,2011371,126150,2268382,TRUE,FALSE,English
728,DougisRaw,2797921,2566,22641,1076,127151,52642,74509,2149900,TRUE,TRUE,English
729,Mmorpg,2796244,3049,4994,908,235167,215601,19566,3055373,TRUE,FALSE,English
730,BreaK,2792239,1926,9531,1432,309300,291011,18289,3880016,TRUE,TRUE,English
731,berkriptepe,2788766,547,24573,4103,622358,340691,281667,5508199,TRUE,FALSE,Turkish
732,Xposed,2788487,1854,8580,1475,266853,119404,147449,2220313,TRUE,TRUE,English
733,moogrr1211,2786438,3147,2008,879,37162,26948,10214,3006979,TRUE,FALSE,Korean
734,BoarControlHS,2781534,2556,3622,1064,79204,39841,39363,2852825,TRUE,FALSE,English
735,Dementardo,2780845,591,15476,4663,547154,81833,465321,2419659,TRUE,FALSE,Spanish
736,CrReaM,2776461,2373,8098,1150,165906,159699,6207,1614843,TRUE,TRUE,English
737,Xiuder_,2773716,2868,13675,909,312280,13521,298759,3022408,TRUE,FALSE,Italian
738,SmallAnt,2772535,1612,11518,1821,255156,36869,218287,2695198,TRUE,FALSE,English
739,Naowh,2759835,2007,11693,1333,103636,54803,48833,5069397,TRUE,FALSE,English
740,Tonton,2758946,2226,9738,1237,147542,70886,76656,3954958,TRUE,FALSE,French
741,bebelolz,2750265,1078,7592,2488,260119,233449,26670,6966348,TRUE,FALSE,Chinese
742,takesipon,2749686,1860,8103,1534,57634,45767,11867,3983662,TRUE,FALSE,Chinese
743,Vargskelethor,2745996,973,6577,2809,287063,227022,60041,2147906,TRUE,TRUE,English
744,95pingman,2744558,791,26738,3449,195423,97727,97696,3424139,TRUE,FALSE,Korean
745,LobosJr,2728942,2022,12709,1332,375646,348473,27173,3970888,TRUE,TRUE,English
746,ZONY,2727822,2467,7172,1118,260125,119319,140806,3739750,TRUE,FALSE,Polish
747,Monstercat,2726490,8661,14261,313,788684,766353,22331,4084222,TRUE,FALSE,English
748,k1ng,2723022,609,52558,4365,706537,92154,614383,6210317,TRUE,FALSE,Spanish
749,DuelLinksMeta,2721784,1499,5792,1886,88697,55391,33306,6092699,TRUE,FALSE,English
750,Esports_Alliance,2720149,619,27040,4293,117084,61639,55445,8254877,TRUE,FALSE,Thai
751,lolesportsla,2718880,683,37187,4586,186208,114694,71514,5283711,TRUE,FALSE,Spanish
752,Vovo,2714796,2509,7268,974,141898,49865,92033,3786059,TRUE,TRUE,Portuguese
753,goncho,2713618,1030,18091,2431,442412,205854,236558,6156791,TRUE,TRUE,Spanish
754,MenosTrece,2712307,1795,7132,1481,470873,280718,190155,5465173,TRUE,FALSE,Spanish
755,swimstrim,2712059,1809,13314,1383,137885,75089,62796,2964244,TRUE,FALSE,English
756,AnneMunition,2711916,1656,37236,1586,621921,556011,65910,10222790,TRUE,FALSE,English
757,Reverse2k,2710305,3028,14160,925,380488,225330,155158,3906784,TRUE,FALSE,English
758,erobb221,2709321,1375,10391,2028,244207,155470,88737,2352357,TRUE,FALSE,English
759,voicetv,2708511,8581,1874,314,3660,2332,1328,4001475,TRUE,FALSE,Thai
760,FFearFFul,2703882,603,116245,5305,727059,234218,492841,2041776,TRUE,FALSE,Arabic
761,Cryaotic,2702307,1430,7169,1727,813371,788727,24644,2326058,TRUE,TRUE,English
762,Dmitry_Lixxx,2696972,860,26715,3006,347824,14893,332931,8549523,TRUE,FALSE,Russian
763,Sweatcicle,2691487,2298,14550,1023,160000,39046,120954,2372907,TRUE,TRUE,English
764,tebtv,2691145,1155,13639,2177,76050,16141,59909,10310607,TRUE,FALSE,English
765,lovelyyeon,2689528,2342,4282,1115,108382,33490,74892,5389852,TRUE,FALSE,Korean
766,pankylol,2686813,850,17394,3141,284563,118449,166114,7887006,TRUE,FALSE,Turkish
767,Alkaizerx,2686432,1733,12430,1312,153870,132164,21706,3152805,TRUE,TRUE,English
768,hastad,2677871,1426,10888,1812,868738,680575,188163,4991368,TRUE,FALSE,Portuguese
769,mirage720,2669398,1567,30706,1638,352412,230187,122225,5107789,TRUE,FALSE,Korean
770,Tanxlive,2664592,2684,6899,971,244133,204046,40087,7067999,TRUE,TRUE,Thai
771,Rogue,2662699,2017,7289,1186,169330,22113,147217,2431075,TRUE,FALSE,English
772,easywithaces,2660919,1799,18686,1388,90359,55263,35096,3279762,TRUE,TRUE,English
773,BeyondTheSummit_PT2,2660786,1749,126254,796,178612,40644,137968,4834852,TRUE,FALSE,Portuguese
774,CarritosKami,2659296,1749,14634,1681,165439,97995,67444,6694660,TRUE,FALSE,Spanish
775,dizzy,2658423,819,19262,2997,795869,673606,122263,4572893,TRUE,TRUE,English
776,EAMaddenNFL,2657484,333,57179,5697,241924,169605,72319,5152605,TRUE,FALSE,English
777,TobiasFate,2652868,2129,4681,1233,701822,652688,49134,5210466,TRUE,FALSE,English
778,PUBG,2652337,548,35922,4647,733628,654699,78929,4783744,TRUE,FALSE,English
779,BananaSlamJamma,2651186,1893,5152,1263,170181,146914,23267,2546439,TRUE,TRUE,English
780,Dyrus,2649985,2305,11338,1123,1474090,1473979,111,3724340,TRUE,TRUE,English
781,Mushway,2649918,947,9611,2638,310100,76414,233686,3178181,TRUE,FALSE,French
782,bazattak007,2649188,1456,11217,1630,391413,69058,322355,4835861,TRUE,FALSE,Spanish
783,IFrostBolt,2633926,2821,6210,897,199618,92869,106749,2723926,TRUE,FALSE,English
784,Kandyland,2631370,1446,9203,1748,405554,203260,202294,11207571,TRUE,TRUE,English
785,9ambler,2630877,1495,11279,1692,144116,66227,77889,3731059,TRUE,FALSE,Korean
786,Sco,2630794,962,15241,1790,375911,343448,32463,10361325,TRUE,FALSE,English
787,ProfessorBroman,2622099,2577,12676,955,732192,709478,22714,3579571,TRUE,TRUE,English
788,Paoloidolo,2615030,2085,7659,1205,183900,125973,57927,4585217,TRUE,FALSE,Italian
789,1PVCS,2613699,897,23081,2256,71596,39789,31807,8056327,TRUE,FALSE,French
790,kangqui,2609077,1879,10809,1400,57130,38997,18133,3877756,TRUE,FALSE,Korean
791,AkTep,2603946,1576,6300,1541,222796,170934,51862,4273193,TRUE,TRUE,Russian
792,hatsalsal,2603517,1984,3915,1302,77861,52131,25730,5576914,TRUE,FALSE,Korean
793,PardonMyTake,2600075,419,141406,6728,143916,110,143806,3300371,TRUE,FALSE,English
794,Sweet_Anita,2595532,960,21594,2690,972070,462007,510063,7927278,TRUE,TRUE,English
795,Draineo,2593219,2068,7777,1169,102225,36523,65702,175788,TRUE,FALSE,English
796,Cerbero_Podcast,2586460,952,19298,2647,179420,46553,132867,4071398,TRUE,FALSE,Italian
797,cellinrj,2583043,1466,7136,1711,245715,123670,122045,3621969,TRUE,TRUE,Portuguese
798,SkyshockTV,2578796,1571,6213,1605,114154,81163,32991,3059244,TRUE,FALSE,Spanish
799,Evangelion0,2576598,1427,8533,1777,120494,92172,28322,3446723,TRUE,FALSE,Spanish
800,AnthonyZ,2575403,1962,7416,1216,199617,176314,23303,2812219,TRUE,FALSE,English
801,mokrivskyi,2572201,452,29983,5864,308815,4807,304008,8255635,FALSE,FALSE,Russian
802,CaMaK,2571290,1456,9437,1759,151886,144308,7578,3019137,TRUE,TRUE,French
803,Uthenera,2568766,1291,9460,2106,411346,311474,99872,4832180,TRUE,FALSE,Turkish
804,Corobizar,2566473,1389,11200,1787,272635,187702,84933,4345590,TRUE,FALSE,French
805,roflgator,2566063,1849,14329,1281,106365,59878,46487,1449834,TRUE,TRUE,English
806,QuarterJade,2564294,1033,12144,2286,277256,110054,167202,3921702,TRUE,FALSE,English
807,kutcherlol,2563078,2301,6802,1093,198818,162759,36059,5070320,TRUE,FALSE,German
808,DieHahn,2546126,2084,8048,1229,231584,186802,44782,3418935,TRUE,TRUE,German
809,chowh1,2545908,2390,8221,980,113551,29320,84231,4175567,TRUE,TRUE,French
810,cacho01,2541572,911,18552,2669,269080,18883,250197,2516244,TRUE,FALSE,Spanish
811,natalan,2541162,1009,9561,2240,529357,66683,462674,2737155,TRUE,TRUE,Spanish
812,DreamHackDota2_RU,2541019,102,98717,22356,203419,173188,30231,3637232,TRUE,FALSE,Russian
813,DuendePablo,2539060,2222,10121,1101,514073,395506,118567,4216188,TRUE,FALSE,Spanish
814,albislol,2533888,3475,3740,706,146276,135337,10939,4554443,TRUE,TRUE,Chinese
815,UCCleague,2533695,2185,14003,1378,226974,180167,46807,9915656,TRUE,FALSE,Russian
816,slrabbit99,2528990,1881,5944,1329,106235,103740,2495,4838617,TRUE,TRUE,Chinese
817,Stewie2K,2521198,412,27416,5296,875087,585220,289867,5771575,TRUE,TRUE,English
818,jorbs,2518806,1963,4084,1243,70609,50006,20603,1410877,TRUE,FALSE,English
819,BlackFIreIce,2511638,2333,3044,1070,108895,102765,6130,4424196,TRUE,FALSE,Polish
820,kurt0411,2509651,629,26941,4083,142446,27657,114789,2221662,TRUE,FALSE,English
821,Herdyn,2504443,2051,4254,1180,410224,319126,91098,5639711,TRUE,TRUE,Czech
822,Frankkaster,2503019,516,49127,4886,826222,469511,356711,5878239,TRUE,TRUE,Spanish
823,SayNoToRage,2502506,2297,8014,1010,168463,150844,17619,1552234,TRUE,FALSE,English
824,MiltonTPike1,2499586,1366,8838,1845,200012,174244,25768,2185519,TRUE,FALSE,English
825,H0llyLP,2496103,2181,4958,1116,151000,139125,11875,3846703,TRUE,TRUE,German
826,MarkitoNavaja,2490123,474,26584,5070,665430,23617,641813,3159593,TRUE,FALSE,Spanish
827,RobertoCein,2486048,1902,15249,1270,730326,307484,422842,2907888,TRUE,TRUE,Spanish
828,KVYZEE,2484206,2693,8354,849,127963,53069,74894,6715483,TRUE,FALSE,Russian
829,MarketTradersTV,2481669,8320,1357,297,30413,18332,12081,981536,TRUE,FALSE,English
830,Flambass,2478625,2173,5507,1138,71953,45035,26918,2319131,TRUE,TRUE,English
831,Aa9skillz,2476603,817,11843,2885,502696,359907,142789,2373012,TRUE,FALSE,English
832,Limmy,2472852,1510,6575,1641,207508,71245,136263,2433739,TRUE,TRUE,English
833,SparkofPhoenixTV,2469870,1540,15792,1462,433078,237870,195208,3537808,TRUE,FALSE,German
834,kyliebitkin,2465815,2125,6688,1142,85336,59616,25720,2468122,TRUE,TRUE,English
835,CoconutB,2465305,2043,4596,1171,188378,125919,62459,2691775,TRUE,TRUE,English
836,FanHOTS,2461072,2243,2104,1090,64587,36639,27948,2451118,TRUE,FALSE,English
837,Pelegrino1993,2454062,2154,6236,1074,80566,15767,64799,1772816,TRUE,FALSE,Portuguese
838,Killars,2447764,3514,4232,642,46971,31243,15728,1747381,TRUE,FALSE,English
839,Weak3n,2446169,1925,2922,1260,188176,158148,30028,4780580,TRUE,FALSE,English
840,Tourva,2440201,1935,5067,1185,287553,105140,182413,7888629,TRUE,TRUE,English
841,wintergaming,2437432,3260,7019,719,260779,246879,13900,3609065,TRUE,FALSE,English
842,Vicens,2436663,435,30628,5739,730679,6434,724245,4110592,TRUE,FALSE,Spanish
843,PainLivestream,2426836,1496,15002,1635,435872,354253,81619,2283772,TRUE,TRUE,German
844,monkeys_forever,2424586,1341,6738,1563,79270,44941,34329,2106144,TRUE,FALSE,English
845,Kaydop,2421528,1081,23304,2268,193058,75646,117412,3185925,TRUE,FALSE,French
846,syaruru3,2419893,1733,3710,1309,33726,24042,9684,3022192,TRUE,FALSE,Japanese
847,primeleague,2414316,509,19013,4427,73409,2198,71211,5606593,TRUE,FALSE,German
848,LRojo_,2412723,1857,11178,1192,100767,18447,82320,3959878,TRUE,FALSE,Spanish
849,trihex,2410144,2025,21721,1157,431935,402257,29678,5777172,TRUE,TRUE,English
850,Spaceboy,2409998,2050,10590,1107,135311,108261,27050,2614773,TRUE,TRUE,English
851,Froggen,2408280,779,10648,3024,770030,738230,31800,3577064,TRUE,FALSE,English
852,BotanicX,2406023,1191,9135,1937,34119,22607,11512,9335252,FALSE,FALSE,Russian
853,dinablin,2405130,1015,29316,2413,293748,53852,239896,11129949,TRUE,FALSE,Russian
854,RiceGum,2402790,205,29173,11696,903261,514885,388376,2273737,TRUE,FALSE,English
855,ipav999,2401908,3190,2536,737,163956,81288,82668,2920832,TRUE,FALSE,English
856,Lutti,2397353,1487,37121,1153,226344,62903,163441,3727211,TRUE,FALSE,French
857,kragiee,2390823,2032,6298,1137,234312,168335,65977,3136101,TRUE,FALSE,English
858,Puppers,2390247,1643,6798,1458,171425,106834,64591,1753517,TRUE,FALSE,English
859,Crayator,2386523,1253,4911,1796,599828,422327,177501,3865293,TRUE,FALSE,English
860,MANvsGAME,2378281,1096,5831,2103,510330,507994,2336,2713787,TRUE,TRUE,English
861,TheRealMarzaa,2375796,1550,12525,1505,495558,237405,258153,2909149,TRUE,FALSE,Italian
862,foggedftw2,2374072,1861,8622,1220,242205,132705,109500,3438208,TRUE,TRUE,English
863,Linkus7,2372044,2029,7248,1121,96728,54866,41862,1866513,TRUE,FALSE,English
864,Arcadum,2370233,2245,13801,992,120586,41944,78642,2169921,TRUE,FALSE,English
865,ImMarksman,2369476,1291,11141,1889,633443,481349,152094,1311402,TRUE,FALSE,English
866,LightFuryLF,2368248,1855,15139,1169,51589,18926,32663,4989684,TRUE,FALSE,Thai
867,BarcaGamer,2362271,1993,57917,1234,636568,87990,548578,3012949,TRUE,FALSE,Spanish
868,EFEUYGAC,2357586,649,14481,3700,358498,61283,297215,5234400,TRUE,TRUE,Turkish
869,Xnapycz,2357103,1465,4388,1572,94551,50101,44450,4521040,TRUE,TRUE,Czech
870,SilentSentry,2353654,2096,5572,1085,301633,288100,13533,1896110,TRUE,FALSE,English
871,lilballzlolz,2353094,1300,6328,1724,118276,108445,9831,4212219,TRUE,FALSE,Chinese
872,DaigoTheBeasTV,2353057,959,27261,2225,173271,130958,42313,4166521,TRUE,FALSE,Japanese
873,UncleBjorn,2350358,2247,4265,975,111003,84489,26514,7886426,TRUE,FALSE,Russian
874,AnniTheDuck,2349596,887,7894,2533,460463,197253,263210,7336341,TRUE,TRUE,German
875,StRoGo,2346873,490,45087,4621,272944,14612,258332,5978117,TRUE,FALSE,Russian
876,pikra10,2341881,2070,4659,1068,77376,34860,42516,2973636,TRUE,FALSE,Korean
877,beryl_lulu,2341680,1367,15901,1739,156726,107204,49522,9765341,TRUE,FALSE,Chinese
878,purple_hs,2340442,1864,5460,1149,88792,69942,18850,1512076,TRUE,FALSE,English
879,Harmii,2338413,1936,7200,1159,333858,165406,168452,3556031,TRUE,FALSE,German
880,Zerkaa,2337384,850,11192,2571,529504,155784,373720,2530852,TRUE,FALSE,English
881,iklooode25,2336169,356,42463,7265,418710,64375,354335,1443848,TRUE,FALSE,Arabic
882,nielnieh345,2336135,3100,5455,728,93991,75249,18742,4755073,TRUE,FALSE,Chinese
883,akagreenn,2334743,860,21136,2902,117916,3055,114861,3514645,TRUE,TRUE,Turkish
884,Spraggy,2331555,1360,30415,1674,99807,64354,35453,3037728,TRUE,FALSE,English
885,TpaBoMaH,2328739,1541,6813,1531,151266,65549,85717,7804776,TRUE,FALSE,Russian
886,Day9tv,2325939,1075,5597,2140,496790,483446,13344,2495558,TRUE,FALSE,English
887,Sologesang,2321220,2057,5120,1072,58531,32469,26062,4569358,TRUE,FALSE,German
888,karavay46,2320968,551,48331,4037,354734,52793,301941,8457221,TRUE,FALSE,Russian
889,RaulZitoYT,2320824,2191,6545,839,78971,2242,76729,2725303,TRUE,FALSE,Portuguese
890,JonBams,2317790,1481,5577,1522,309837,234109,75728,1940922,TRUE,TRUE,English
891,Japan_ASMR,2315595,8495,496,271,67707,35058,32649,1272641,TRUE,FALSE,Japanese
892,OuterHeaven,2299932,1576,6955,1101,137954,130030,7924,1037346,TRUE,TRUE,English
893,Yamikazexz,2292140,1242,12411,1643,201657,40557,161100,5719244,TRUE,FALSE,English
894,aircool,2288418,2134,12620,964,153703,33133,120570,1628826,TRUE,FALSE,English
895,Lapi,2287636,2860,8684,789,130323,113331,16992,6792456,TRUE,FALSE,French
896,robn_live,2287497,2226,73664,656,66223,2248,63975,1502917,TRUE,FALSE,English
897,aram4519,2282405,1360,14167,1592,301329,121725,179604,5711063,TRUE,FALSE,Korean
898,Ezekiel_III,2276624,1832,18804,1190,190452,181483,8969,4018240,TRUE,TRUE,English
899,RebeuDeter,2264050,309,24675,7141,215360,21232,194128,2560454,TRUE,FALSE,French
900,nookyyy,2259849,2487,7393,683,206681,127694,78987,2481667,TRUE,FALSE,German
901,BrookeAB,2259012,812,24357,2777,737161,489826,247335,6936235,TRUE,FALSE,English
902,innocents,2254174,1397,13654,1557,534759,255679,279080,3488587,TRUE,TRUE,English
903,RealKraftyy,2253020,1810,19953,1235,710277,689079,21198,4102026,TRUE,FALSE,English
904,rhobalas_lol,2252818,2904,5224,779,100599,30748,69851,3011205,TRUE,FALSE,French
905,veloxey,2250960,1477,8596,1273,252913,72771,180142,1874494,TRUE,FALSE,Italian
906,ArQuel,2248539,1940,9110,1122,285920,240767,45153,4895500,TRUE,FALSE,Polish
907,ElOjoNinja,2246021,1367,9339,1484,273504,139910,133594,5226901,TRUE,FALSE,Spanish
908,Bamboe,2240521,1982,5956,1075,86644,61296,25348,2322578,TRUE,FALSE,English
909,Sonecarox,2232938,3994,2445,569,87530,66212,21318,3105118,TRUE,TRUE,Portuguese
910,MuTeX,2230276,2500,9448,824,200619,85747,114872,1615269,TRUE,TRUE,English
911,RayNarvaezJr,2227492,1377,6611,1589,528396,499328,29068,2180691,TRUE,TRUE,English
912,Tanovich,2217985,1498,10352,1434,296560,77177,219383,3677360,TRUE,TRUE,Spanish
913,Zalae,2217977,1584,5934,1351,170668,147174,23494,1776974,TRUE,FALSE,English
914,KheZu,2216273,2077,5322,991,122158,93318,28840,2671995,TRUE,FALSE,English
915,mandiocaa1,2208896,495,9540,4355,312944,283253,29691,2567198,TRUE,TRUE,Portuguese
916,dragon3652,2208129,4056,2379,529,35503,23883,11620,4618003,TRUE,FALSE,Korean
917,RiotGamesOCE,2206453,682,50458,3076,149775,84027,65748,8437414,TRUE,FALSE,English
918,Videoyun,2205337,2056,8057,1030,375697,290532,85165,8078109,TRUE,FALSE,Turkish
919,AlcastHQ,2201380,482,12999,4680,81928,57346,24582,41833833,TRUE,FALSE,English
920,julien,2200912,1348,15150,1685,511861,334105,177756,4880209,TRUE,FALSE,English
921,iGeStarK,2199295,1324,12893,1282,244437,12706,231731,2948954,TRUE,FALSE,Spanish
922,Ziqoftw,2197029,1575,10569,1293,198304,164757,33547,4933908,TRUE,FALSE,English
923,CyrusTWO,2193696,2135,2727,1027,96691,71414,25277,5787660,TRUE,TRUE,Swedish
924,jmjdoc,2190138,2848,2395,756,30877,21375,9502,4337476,TRUE,FALSE,Korean
925,CouRageJD,2189021,234,72100,8717,2115596,1995162,120434,2874860,FALSE,FALSE,English
926,YoMax,2184549,973,16952,2051,273980,144980,129000,1715466,TRUE,FALSE,French
927,JeffHoogland,2182895,1894,3375,1070,68914,61624,7290,1965274,TRUE,FALSE,English
928,Call of Duty (callofduty),2182316,61,170131,19897,968465,918144,50321,5423366,TRUE,TRUE,English
929,GoBGG,2173305,1546,4198,1400,229586,192314,37272,5971819,TRUE,FALSE,French
930,Wackyjacky101,2173177,2172,5981,1012,209700,136906,72794,9213152,TRUE,FALSE,English
931,TaKeTV,2170337,1809,31809,829,227062,214029,13033,2855045,TRUE,FALSE,German
932,iceiceice,2169660,626,8409,3107,183960,126163,57797,2582911,TRUE,FALSE,English
933,StarCraft,2169325,248,56109,6636,342409,320279,22130,4110003,TRUE,FALSE,English
934,MadDecentLive,2166565,709,36968,3069,95371,19,95352,44291541,FALSE,FALSE,English
935,WillerZ,2165939,2230,24663,872,79392,10493,68899,2344895,TRUE,TRUE,English
936,SoyPan,2165064,2214,13884,954,343191,181173,162018,2167760,TRUE,FALSE,Spanish
937,murilo_RT,2164968,6399,8185,315,70814,14875,55939,3070308,TRUE,TRUE,Portuguese
938,Multiplayerit,2159461,1863,15237,1053,58786,41136,17650,30889814,TRUE,FALSE,Italian
939,Markstrom,2152160,1777,71423,915,93045,57768,35277,1829062,TRUE,FALSE,English
940,Krayn_Live,2151724,2284,4183,918,125775,105203,20572,4621526,TRUE,TRUE,French
941,westdoor,2148802,1818,5363,1165,272662,255754,16908,5018006,TRUE,TRUE,Chinese
942,Sintica,2148476,1581,8467,1207,160387,49432,110955,7008648,TRUE,FALSE,German
943,FantaBobShow,2147432,1093,8248,1936,348598,262259,86339,3598696,TRUE,TRUE,French
944,ops1x,2146390,1137,23490,1457,268942,14752,254190,3050489,TRUE,FALSE,English
945,wingz,2145782,1545,3940,1347,85695,52771,32924,3057045,TRUE,FALSE,Spanish
946,ZLOYn,2143107,821,14155,2603,294277,10056,284221,6731111,TRUE,FALSE,Russian
947,HunterGodBr,2139494,1492,51612,1737,258876,4616,254260,14078099,TRUE,FALSE,Portuguese
948,leplol1,2138576,2090,9307,1444,157981,41738,116243,3163399,FALSE,FALSE,Portuguese
949,sacy,2136191,1611,10692,1304,206184,88994,117190,3590048,TRUE,FALSE,Portuguese
950,hejin0_0,2128508,2098,3032,1017,123451,51259,72192,5800110,TRUE,FALSE,Korean
951,Naru,2127500,664,13744,3045,344859,221080,123779,5321664,TRUE,FALSE,Turkish
952,Warcraft,2127444,167,51972,13741,593564,561876,31688,6635421,TRUE,FALSE,English
953,FlexZ,2125844,1913,14278,897,155382,21423,133959,3254805,TRUE,FALSE,Spanish
954,DizzyKitten,2123317,1335,10080,1584,613135,558482,54653,8960383,TRUE,FALSE,English
955,wltn4765,2121521,2235,9379,980,99600,31471,68129,6213041,TRUE,FALSE,Korean
956,Staryuuki,2120327,1284,5530,1467,586475,56169,530306,5418113,TRUE,FALSE,Spanish
957,CeMka,2118628,1843,18473,979,86502,64386,22116,4241970,TRUE,FALSE,Russian
958,Halifax,2114764,2675,12478,793,228316,175883,52433,2955093,TRUE,FALSE,English
959,Bidule,2113477,1023,10100,2052,82570,17650,64920,2486535,FALSE,TRUE,French
960,Gabi,2112989,1058,17866,2174,271202,92554,178648,3821231,TRUE,FALSE,Portuguese
961,Hype,2111741,1359,10030,1674,145476,44205,101271,6185689,TRUE,TRUE,Turkish
962,Gigz,2107279,1645,15061,1136,254401,210326,44075,1958787,TRUE,FALSE,English
963,yagubu,2104014,1103,25478,1666,59697,6207,53490,3379601,TRUE,FALSE,Korean
964,richwcampbell,2102211,1165,34756,1878,108410,50988,57422,3790423,TRUE,FALSE,English
965,ESL_CSGO_FR,2100439,888,22857,2570,193614,167541,26073,4124889,TRUE,FALSE,French
966,dkwl025,2097873,1723,6861,1237,220819,106259,114560,4933531,TRUE,FALSE,Korean
967,Cizzorz,2096873,950,11782,1891,1866339,1643766,222573,3095942,TRUE,FALSE,English
968,RyuQuezacotl,2094681,2097,4022,976,79063,69179,9884,1867494,TRUE,TRUE,English
969,Sigma,2091290,1578,81683,798,61206,7055,54151,1334161,TRUE,TRUE,English
970,Robbaz,2087497,1440,4938,1427,229652,205825,23827,5009610,TRUE,FALSE,English
971,mailand,2082273,1448,6867,1400,86561,54956,31605,3923343,TRUE,TRUE,German
972,Buozzi,2082109,2380,4036,872,75290,35743,39547,5126434,TRUE,TRUE,Portuguese
973,HeyarTV,2081303,2595,2343,786,124479,106784,17695,2506556,TRUE,TRUE,French
974,LenaGol0vach,2081278,504,9115,4159,274237,233322,40915,2969471,FALSE,FALSE,Russian
975,Sinner666,2080204,413,27996,4530,7102,1,7101,21322548,FALSE,FALSE,Russian
976,TommyKayLIVE,2078014,1802,3536,1124,127770,69097,58673,2561302,TRUE,TRUE,English
977,TMemoryy,2077013,2174,3244,924,171107,106357,64750,1027960,TRUE,FALSE,English
978,Patriota,2076597,1072,29435,1951,646758,302545,344213,3707623,TRUE,FALSE,Portuguese
979,runner0608,2075427,880,17926,2434,164902,105914,58988,4276695,FALSE,FALSE,Korean
980,zorlaKOKA,2070684,1668,4977,1247,361102,277684,83418,7654224,TRUE,FALSE,Portuguese
981,Hitch,2070409,2215,3976,875,96343,65530,30813,1942552,TRUE,TRUE,English
982,calango,2069669,1169,8380,1736,767187,473579,293608,3292645,TRUE,FALSE,Portuguese
983,Adin2Huncho,2068893,1082,14502,1470,199880,37238,162642,956614,TRUE,FALSE,English
984,SlotRoom247,2067970,6230,20609,326,69183,70,69113,1338301,FALSE,TRUE,German
985,ALLinPav,2067650,2296,6221,850,71579,50219,21360,3156265,TRUE,TRUE,English
986,Surefour,2067609,886,7911,2289,331662,284671,46991,2066041,TRUE,TRUE,English
987,NumotTheNummy,2064988,1766,3359,1118,103069,95024,8045,1530401,TRUE,FALSE,English
988,aminematue,2063771,508,16577,4016,124232,869,123363,2316908,TRUE,FALSE,French
989,CallMeCarsonLIVE,2058104,239,61531,8208,1151712,419604,732108,3533199,TRUE,TRUE,English
990,ZiggyDLive,2056635,1651,18437,1227,173807,157908,15899,4249580,TRUE,FALSE,English
991,KEEMSTAR,2056098,58,74195,35333,146035,99668,46367,7139253,FALSE,FALSE,English
992,crazzyccat,2054657,3213,2543,644,35930,11081,24849,1889696,TRUE,FALSE,Korean
993,RelaxBeats,2054566,8691,2830,235,166162,136567,29595,1094850,TRUE,FALSE,English
994,LAGTVMaximusBlack,2052089,2692,7138,725,256353,243102,13251,2310313,TRUE,TRUE,English
995,Destructoid,2043811,1717,14566,1190,48007,39012,8995,87603521,TRUE,FALSE,English
996,LITkillah,2042077,226,21359,9104,601927,39236,562691,2162107,TRUE,FALSE,Spanish
997,bighead033,2042062,2550,3940,793,213212,160923,52289,4399897,TRUE,FALSE,Korean
998,newmasca,2040872,3624,6431,567,109068,114010,-4942,3417970,TRUE,FALSE,Korean
999,AndyMilonakis,2038518,1746,10543,1153,547446,438335,109111,3926918,TRUE,FALSE,English
1000,Remx,2036548,1653,13788,1205,178553,119121,59432,2049420,TRUE,FALSE,French
